# 3ds Max Wavefront OBJ Exporter v0.99 - (c)2007 guruware
# File Created: 03.12.2025 01:06:08

mtllib HumerusPivotFixed.mtl

#
# object Humerus
#

v  -2.290257 -2.183413 -15.649445
v  -3.037594 0.707981 -10.977188
v  3.091009 0.217350 16.144928
v  -1.458812 1.337086 -14.748566
v  -2.780100 2.031452 -13.074142
v  -3.205751 -2.031563 -16.272720
v  -4.491681 1.728802 -16.081421
v  2.423714 1.005043 14.640686
v  -5.851990 -0.807522 -15.102631
v  -2.204888 1.262363 -10.008774
v  -5.712668 -1.114021 -14.213501
v  -1.392802 -0.934086 -8.516289
v  4.762104 -0.445175 15.327019
v  1.066605 1.055397 2.544510
v  1.601347 0.495514 1.585220
v  -2.052506 -1.011848 -11.497375
v  -2.027323 -0.014484 -6.418259
v  0.684402 0.558552 14.451836
v  4.292282 1.121422 15.573029
v  0.132977 0.496155 15.451248
v  -0.812672 -0.074604 -11.125992
v  0.260971 1.016376 1.059227
v  2.579247 1.482990 15.200775
v  2.197014 0.835022 12.872902
v  -0.821402 0.257900 -14.608994
v  -3.046783 0.656696 -17.067657
v  -5.690343 1.182079 -14.334366
v  1.980135 0.742466 5.143112
v  3.887123 -0.532272 11.116890
v  2.244783 -0.309940 5.168037
v  3.729418 1.387463 14.894478
v  5.468985 -0.306561 14.036644
v  -2.772655 -1.522793 -16.684143
v  1.799326 -0.372997 12.664154
v  1.282049 1.159824 14.797615
v  1.876251 1.233681 17.064651
v  -5.824194 0.419003 -13.731552
v  -5.160708 0.116703 -16.549301
v  -0.758390 -0.418301 -9.951538
v  2.735870 0.258148 14.098740
v  1.428064 0.032436 15.547180
v  2.700417 -0.539082 11.803703
v  -3.889974 -2.053551 -13.634323
v  -1.440836 1.324516 -13.260193
v  -1.997124 1.448483 -14.329285
v  0.469340 0.509838 4.586937
v  -1.774541 -0.575172 -6.752441
v  -4.080981 2.108410 -14.304962
v  1.674124 1.798370 15.505020
v  1.336910 1.114750 16.124451
v  1.545795 0.884556 5.744568
v  3.561085 0.462055 11.254532
v  -1.344937 0.132553 -16.630249
v  4.192772 0.304260 12.591904
v  -2.340917 1.567406 -11.854996
v  -2.819257 -0.384533 -9.527023
v  -0.698325 1.042809 -3.816681
v  -1.594579 -1.670010 -15.995071
v  1.721104 -0.578388 10.949425
v  -1.955375 1.004009 -16.717651
v  -4.822187 -0.618259 -12.515320
v  0.867464 -0.010841 8.853706
v  -4.944018 -1.115551 -16.490448
v  2.048454 -0.025047 16.171974
v  6.046244 0.722420 15.039589
v  3.644741 1.085030 14.182213
v  -0.697924 1.296680 -7.440475
v  1.666988 0.620007 12.557701
v  -1.077789 -1.045403 -14.250076
v  -3.247362 -1.163609 -12.456787
v  1.213690 -0.959370 3.617973
v  0.392212 0.316677 16.297295
v  -4.375530 0.318714 -12.276230
v  3.119049 0.351574 9.384789
v  2.269623 1.649494 16.634521
v  -5.647164 0.763439 -15.718887
v  1.520248 0.683201 1.501648
v  5.559202 1.366791 15.191353
v  -3.838292 -1.116280 -12.342010
v  -5.042330 1.298962 -13.629776
v  5.198820 0.014462 15.688217
v  5.275333 1.211182 15.554977
v  2.774231 1.271740 16.215622
v  0.674033 1.059578 16.201950
v  -4.779507 -2.163361 -15.334305
v  -0.673011 -0.470825 -1.144241
v  1.838575 -0.904182 5.403206
v  1.601759 -0.187206 1.812576
v  -1.091285 -0.771946 -9.953339
v  -0.666284 0.044426 -0.029366
v  -1.030882 0.687832 -15.575394
v  -3.534878 -0.717854 -11.469543
v  0.910832 -0.707867 5.964233
v  0.214674 -0.345242 4.525169
v  -2.619136 1.072323 -16.758942
v  -5.720636 -0.566219 -13.673080
v  0.974789 0.057079 15.984787
v  -1.538459 0.623985 -5.188301
v  5.659235 0.155674 13.877968
v  0.184595 0.522549 -5.815155
v  -4.349054 -2.399479 -14.749619
v  1.908920 0.963444 14.025108
v  4.621233 -0.732128 13.635902
v  -5.205689 1.199661 -16.042328
v  2.696112 -0.354168 7.269211
v  4.383877 0.593296 13.908417
v  -1.202376 1.164898 -14.287567
v  3.960644 -0.357044 14.432022
v  -2.068506 -2.012428 -14.537979
v  -0.329717 0.642132 0.775978
v  4.970505 1.185200 14.391922
v  -3.500546 2.313419 -15.413864
v  -2.403109 1.980297 -14.990005
v  2.943811 1.344456 15.904526
v  1.194464 -0.128155 10.834023
v  5.037537 0.387745 13.589348
v  1.511318 0.749561 7.943428
v  0.394438 -0.839527 -0.537346
v  0.371202 0.928658 15.335236
v  2.290571 0.226116 5.560776
v  -4.127783 1.111137 -13.074173
v  -1.056997 -0.682781 -15.996597
v  -2.160236 -1.294216 -12.562286
v  3.585794 -0.059296 14.157379
v  2.974897 -0.449604 12.598305
v  -4.930281 -1.911381 -13.846024
v  -3.425639 -0.242271 -17.192398
v  -4.109800 -0.781704 -17.038589
v  5.057682 -0.348629 13.306496
v  -6.046244 0.138607 -14.581329
v  -4.566914 1.142803 -16.597046
v  -2.595706 0.889545 -16.903366
v  -2.738668 1.691216 -12.266525
v  3.225399 0.978508 13.647842
v  -1.028986 0.959511 -12.351028
v  -0.597263 1.108467 -8.576324
v  1.765772 0.658253 12.113342
v  -5.527854 -1.503056 -15.080719
v  -4.460754 -2.036411 -16.099152
v  2.648438 0.863911 9.945107
v  3.671265 0.179958 11.060150
v  4.494864 -0.716011 14.324791
v  -4.702966 2.001392 -14.762848
v  -4.915358 -2.127209 -14.682129
v  -0.102617 1.231918 -4.723206
v  -2.673057 1.011375 -10.456696
v  -3.413873 -0.173290 -10.808624
v  -0.905972 0.331875 -13.275848
v  -2.719483 -0.546398 -9.603409
v  1.517263 0.159294 16.211143
v  3.042938 -0.238575 13.248734
v  -0.853230 -0.418530 -14.448792
v  -3.481385 2.441479 -14.669205
v  -5.469595 -0.076496 -13.140457
v  0.882254 0.062984 14.751472
v  0.147651 -0.785385 1.957703
v  5.955185 0.919895 15.393074
v  -1.447405 -1.141621 -16.379318
v  -2.465991 1.392979 -16.165359
v  -0.906994 -0.070690 -13.423553
v  -1.470156 -1.207054 -13.177292
v  0.749389 0.629425 16.575729
v  -1.036144 -0.866619 -6.174477
v  -2.131732 -2.027668 -15.957336
v  3.207607 0.893642 11.796776
v  2.052528 0.262173 16.885529
v  -1.804815 -1.760242 -14.050034
v  5.693901 1.048107 14.308128
v  1.892799 1.610806 16.863052
v  1.772324 1.648079 16.686829
v  1.514532 0.461254 12.002571
v  4.774561 0.121948 15.800591
v  3.967093 -0.741840 12.502190
v  -5.542288 -0.017727 -16.138168
v  1.588589 -0.791759 3.115471
v  1.822937 1.106670 14.401962
v  -3.593503 -2.452364 -15.186798
v  5.723768 0.057796 15.171928
v  4.630102 1.289314 15.225906
v  0.117536 0.833580 15.707161
v  1.198608 -0.023872 14.808640
v  1.968517 0.856934 7.229416
v  2.583885 -0.830238 7.556847
v  3.769369 -0.317429 15.122032
v  -5.291535 1.609531 -15.222488
v  -0.019473 0.874741 -6.241188
v  -0.671337 -0.697975 -2.583717
v  1.609133 0.562359 11.278694
v  2.456444 0.367733 14.352951
v  -3.459791 0.598167 -11.651703
v  -1.389473 1.214508 -8.003456
v  3.539759 0.370823 16.090561
v  -1.924886 1.425373 -11.969482
v  2.784590 0.729145 9.452271
v  -3.462147 -1.051373 -17.041000
v  -4.796151 -1.851692 -16.040024
v  -5.650786 -0.413517 -15.924591
v  2.288225 -0.784683 9.085983
v  2.725220 -0.852585 9.412872
v  5.950340 1.216507 14.993523
v  -3.758202 1.928265 -15.968307
v  -5.831356 -0.103901 -13.709274
v  4.873077 -0.672459 14.239029
v  1.373915 0.937744 2.045776
v  -1.129841 -0.898937 -8.646400
v  0.503233 -0.528263 -1.797935
v  0.605453 -0.666580 4.799133
v  1.005400 0.229710 -1.732681
v  0.135361 -0.430538 -4.623161
v  1.292801 -0.431961 10.541420
v  2.718222 -0.108952 15.730820
v  -3.171090 1.744232 -12.833817
v  0.621568 0.252819 16.338966
v  -0.185949 1.117821 -0.983490
v  -5.965372 -0.317242 -15.138458
v  -4.056706 -1.610088 -16.702957
v  0.703954 1.183575 -0.859505
v  2.453297 0.422447 14.696960
v  1.648958 1.033360 16.546432
v  1.880892 1.982151 16.180809
v  -5.359384 1.283112 -13.842148
v  1.406851 0.018688 14.999306
v  -4.040445 0.381596 -17.068756
v  -0.588170 0.676125 -9.772354
v  -0.700668 0.482391 -10.623260
v  2.525299 0.930756 11.557343
v  -2.428761 0.601421 -8.380112
v  1.279667 0.058468 12.594971
v  -2.191756 0.085308 -6.993645
v  4.262173 1.108364 14.486450
v  -2.599693 -1.565891 -13.173416
v  -1.405904 0.598846 -16.534180
v  -0.279104 -0.231976 2.196014
v  1.113350 1.140125 15.153122
v  1.363876 1.213379 15.944496
v  -2.646779 1.366848 -11.298187
v  -1.410905 0.768127 -5.185158
v  5.298000 0.125832 13.576599
v  4.340757 -0.313770 12.207352
v  -3.704709 0.285309 -11.569824
v  -1.227564 -0.821907 -16.287033
v  -3.481291 1.386311 -12.812729
v  2.625256 0.797794 13.722580
v  1.600943 -0.674175 9.693733
v  3.733061 -0.512646 13.520187
v  -0.001966 1.266022 -2.622925
v  -1.667295 -1.289234 -12.960327
v  -3.663205 -2.413389 -14.570602
v  -2.914088 1.081848 -11.279800
v  -1.133107 -0.038303 -2.488609
v  -0.321250 -0.067825 2.117134
v  -0.439427 0.479595 0.807037
v  -5.317321 1.381626 -15.651855
v  1.736734 0.264938 16.498032
v  -3.350552 2.231525 -13.770370
v  1.929853 1.894337 15.611504
v  1.349691 -0.954922 3.404808
v  -4.524745 -0.678371 -16.908432
v  -5.097165 1.656410 -14.123215
v  3.846142 0.711720 13.579781
v  5.755280 0.217140 15.434593
v  -2.568257 2.179958 -14.246216
v  -6.022783 -0.236893 -14.574020
v  1.194178 0.533993 16.391624
v  5.965963 0.295685 14.580276
v  1.723076 -0.074863 2.223579
v  -3.183162 1.594372 -16.243866
v  -3.229106 2.067474 -15.798462
v  -1.160579 -0.777885 -13.087158
v  -2.325788 -0.087532 -17.010742
v  -0.227038 -0.845791 -2.731354
v  -1.624249 -0.904732 -8.500618
v  4.068634 -0.700035 11.791367
v  1.132364 -0.686878 1.331924
v  -3.683745 1.805603 -13.517242
v  -1.194842 -1.236126 -14.179810
v  -1.871797 -0.217690 -16.912476
v  0.372069 0.224232 15.977554
v  1.618843 0.106823 15.155060
v  2.498169 0.045185 15.217773
v  4.724722 0.370819 13.384224
v  -2.059816 -0.950886 -10.999313
v  -0.928178 0.530941 -13.266129
v  5.531240 0.803116 15.790703
v  -3.631516 -1.713078 -16.679993
v  -2.043627 -0.431862 -7.170021
v  1.833439 0.521862 3.386147
v  1.312597 0.809189 16.320091
v  -0.895985 0.694550 -11.818542
v  5.489872 1.350685 14.686089
v  -3.746209 -0.479084 -11.449860
v  -4.627627 -2.119804 -15.764221
v  5.728724 1.251930 14.593010
v  -4.153093 2.163784 -14.848495
v  -2.205286 1.746166 -13.205780
v  1.154968 0.582302 13.760269
v  2.287186 1.447857 16.834885
v  1.189421 0.371307 9.463158
v  -4.595683 -1.914524 -13.541534
v  -1.355785 -0.836792 -11.432495
v  -1.155476 -0.626495 -11.804901
v  4.530285 0.112953 12.868782
v  1.892773 0.014442 14.228203
v  -4.367463 -0.001610 -12.072113
v  1.124636 0.824322 -0.517181
v  0.965025 0.408844 -1.961067
v  -1.015278 1.271606 -7.285370
v  -0.452074 1.177837 -4.171829
v  5.235250 -0.385746 15.009842
v  0.232781 0.628139 15.159576
v  -1.496378 1.284252 -15.518829
v  -1.604897 1.372494 -14.834839
v  -1.825874 1.366917 -13.572723
v  1.203659 0.252136 13.177452
v  2.726955 0.292629 16.332756
v  -1.163320 0.302284 -16.315460
v  -3.444426 -2.297863 -15.829575
v  2.574865 0.010429 13.684578
v  -5.535457 -1.214558 -15.610046
v  1.438831 -0.242321 12.560570
v  0.620099 0.836411 16.459518
v  -1.405599 -1.323437 -16.156738
v  -5.964339 0.601604 -14.868103
v  3.025696 0.747593 10.376503
v  2.082205 0.612499 5.154808
v  3.224165 1.042183 14.231056
v  2.952843 0.592270 16.316994
v  1.393986 1.321754 15.410408
v  2.047249 1.139259 17.160599
v  -1.312723 1.385521 -10.610245
v  0.643365 0.828682 3.758224
v  -3.250632 -0.550949 -10.825745
v  -0.715217 -0.250912 -10.140106
v  3.940479 -0.313259 14.638977
v  0.269663 -0.866261 1.583359
v  -5.574247 -0.507679 -13.381592
v  -3.259898 1.271900 -16.678482
v  -0.676964 0.894844 -9.836319
v  -5.282810 0.698143 -13.260178
v  -4.179539 0.454861 -12.244156
v  -4.716677 1.042767 -13.249176
v  2.696428 0.083084 16.160889
v  0.131233 1.251514 -1.283897
v  5.833952 0.080040 14.283417
v  2.494566 -0.052532 15.408646
v  3.317852 0.938931 13.027428
v  -1.539829 0.257206 -4.501823
v  3.313709 1.382057 15.500153
v  -1.869676 -1.639534 -16.342331
v  0.064164 -0.224300 4.025162
v  3.679712 -0.234295 14.971207
v  3.562292 0.048450 14.587845
v  -1.964994 1.391369 -11.189026
v  4.421076 0.709805 15.807442
v  -1.730199 1.358410 -10.627945
v  -0.150864 0.021770 -7.673569
v  1.456102 -0.179768 13.357811
v  4.166073 -0.633366 11.838066
v  -0.894725 0.437874 -15.270508
v  -0.133294 0.530502 2.162476
v  -2.253241 -1.887466 -13.967743
v  -2.103467 0.890732 -16.890015
v  -5.103711 -0.661312 -16.526535
v  -3.729015 -2.315248 -14.207489
v  -5.938823 0.418827 -14.010696
v  -1.362803 0.513565 -4.175430
v  3.206440 1.419971 15.103088
v  2.471586 1.684200 15.848099
v  1.493319 -0.385605 11.727501
v  4.613453 -0.554775 15.040916
v  -1.592325 0.417393 -16.796524
v  5.975674 1.108608 14.744598
v  -5.244220 -1.250370 -13.360046
v  -4.712818 -1.427895 -13.022812
v  0.869282 1.013733 14.925011
v  -1.030130 -0.576725 -3.406776
v  -1.045398 -0.865406 -8.709602
v  -4.441834 -2.305733 -14.333206
v  -3.966269 0.837837 -16.945175
v  5.549730 0.356247 15.729073
v  1.841579 -0.508892 3.338577
v  -3.946505 -2.111124 -16.232330
v  0.218712 0.159641 4.801178
v  -2.257575 1.167004 -9.681938
v  -2.814129 2.344906 -15.046173
v  -2.722829 2.067211 -15.579208
v  -2.952483 2.412689 -14.615601
v  0.428961 -0.004921 -4.506287
v  -0.171717 -0.441921 2.235123
v  -0.764854 0.367435 -11.111237
v  -2.616529 -0.056713 -8.461182
v  -2.804617 -1.877140 -13.770569
v  -1.149808 -1.240871 -15.258072
v  3.103748 1.231365 14.725655
v  -1.627676 -1.828514 -14.970444
v  2.924902 -0.868046 9.505585
v  3.484175 -0.537434 9.984283
v  3.113913 -0.395241 8.823853
v  -5.889727 -0.353088 -15.408386
v  1.283634 0.159599 11.415726
v  -4.961432 0.546215 -16.615570
v  -4.743431 -0.011799 -16.843750
v  0.147736 0.676517 16.235245
v  2.457020 -0.176003 13.358986
v  1.584721 -0.152843 13.863579
v  -1.788901 -1.007069 -11.553543
v  -4.284635 -1.288990 -12.670944
v  -3.521853 1.858173 -16.052185
v  -4.863892 1.305340 -16.305267
v  -5.113863 1.610813 -15.618225
v  4.369982 1.309193 14.980766
v  -2.592993 1.503193 -11.660889
v  -5.901917 0.298733 -15.409714
v  5.813309 1.025734 15.507034
v  -2.840891 0.529270 -9.995102
v  1.436142 0.892960 13.986023
v  -4.096560 -2.347866 -15.669464
v  -5.849834 0.752861 -14.028946
v  3.785255 -0.625538 13.227325
v  -4.340725 -1.039764 -16.885880
v  1.422386 0.058540 0.472321
v  5.477192 0.063000 15.591324
v  -4.700581 1.927887 -15.386322
v  -0.049335 1.205700 -4.918953
v  -3.684311 2.306599 -15.265579
v  1.932402 -0.799519 7.613007
v  -1.018323 -0.400356 -11.809830
v  -0.852745 -0.295376 -15.367981
v  2.625242 1.573746 15.920853
v  0.641292 0.295940 14.628464
v  1.115295 0.105042 13.547829
v  -2.866679 -0.630447 -10.302597
v  -1.982167 1.478054 -12.500168
v  -5.432674 -1.417892 -13.875626
v  -0.357163 1.132389 -2.185898
v  4.325348 0.479183 13.243156
v  -0.868833 -0.563641 -14.824951
v  4.162334 0.850258 14.252541
v  -5.339571 -1.557182 -15.593750
v  -0.602388 -0.829144 -6.078217
v  -2.491909 -2.262938 -15.273117
v  -1.246223 0.908504 -5.295883
v  5.575468 -0.244572 14.394249
v  2.942764 0.068771 8.278481
v  -2.509721 1.611076 -15.792267
v  1.035940 -0.087254 -0.900787
v  5.927275 0.647160 14.313499
v  -3.335901 -1.655468 -13.256027
v  -3.350996 -0.398998 -10.805084
v  -1.813356 0.315731 -16.945648
v  -2.937130 -1.303158 -16.867676
v  3.731590 -0.096905 15.820290
v  0.898726 -0.964893 2.290314
v  -1.066966 1.137791 -11.640381
v  -2.144874 -0.740456 -8.590897
v  -4.885533 -0.407391 -12.519455
v  4.449867 0.302235 12.994507
v  1.705946 0.900940 5.046066
v  -1.763671 -0.959499 -11.043579
v  1.244371 0.560741 8.298080
v  2.927517 -0.578648 11.841087
v  2.636139 -0.433144 12.400925
v  -2.984044 0.246288 -17.148239
v  2.795355 0.498947 8.405655
v  -3.106385 -2.205235 -14.350449
v  1.615774 0.271877 16.378754
v  3.169556 0.945213 16.092957
v  -2.514658 0.401234 -8.317635
v  1.665422 1.859077 15.900871
v  0.500882 1.230907 -0.480919
v  0.826745 0.927708 3.678925
v  1.861671 0.856548 7.738083
v  1.225023 0.800846 5.787376
v  -0.548807 -0.117321 0.558708
v  -1.880908 1.327435 -16.075012
v  1.660551 0.110706 14.882782
v  2.720638 1.287601 14.911774
v  2.699280 0.988667 14.635437
v  -1.773462 -1.927982 -15.700363
v  3.606623 0.724449 12.035370
v  0.870908 1.105236 0.612007
v  -2.561066 1.983177 -13.059784
v  -2.249772 1.162426 -16.641098
v  -0.938394 0.889278 -3.776680
v  2.223789 1.028572 17.046310
v  2.381098 0.778797 7.943932
v  -1.019296 0.893837 -14.367065
v  -0.880095 0.511120 -14.348450
v  -5.745914 0.264996 -15.793655
v  -5.302290 -1.121944 -16.102371
v  2.051180 0.729279 17.183319
v  1.847483 0.684788 17.098175
v  1.032932 0.566360 -1.508980
v  0.600232 0.758831 -3.299080
v  -0.006566 -0.057705 3.811890
v  1.871660 1.335346 14.805473
v  3.334263 1.041576 15.962639
v  0.448288 1.091114 0.939278
v  1.461477 0.572243 13.122063
v  -3.906621 -1.196583 -16.957001
v  -0.389270 -0.644493 -6.417961
v  1.214365 0.243732 16.279160
v  1.304501 0.213741 12.600471
v  1.779482 0.111477 16.308655
v  0.971931 0.447178 13.909149
v  2.884914 0.761585 16.354736
v  -0.114072 0.355236 -7.637993
v  -4.655926 1.769737 -13.959381
v  -3.652495 2.122028 -13.890396
v  1.536848 0.024147 15.793198
v  1.896339 0.208012 3.219330
v  -0.724952 -0.332661 -0.919174
v  4.329317 -0.481205 12.117889
v  -3.339032 2.449394 -15.028030
v  -1.243189 1.227482 -13.063995
v  -1.619862 -1.634609 -14.005859
v  -1.120478 -0.661392 -11.050461
v  3.315582 0.134789 14.132301
v  -1.304305 0.767509 -16.227249
v  -4.223279 -2.357727 -14.323959
v  0.081242 0.547512 16.096039
v  -3.705607 1.584702 -16.408615
v  1.561558 0.898567 16.427040
v  4.869703 -0.567978 14.928978
v  -2.438701 -1.363483 -12.735840
v  2.011782 0.809044 12.911545
v  -5.284185 -1.833508 -14.725143
v  3.850376 -0.638813 11.082886
v  -2.126208 1.505562 -11.993103
v  -1.035948 -0.183800 -16.148941
v  -5.566607 1.370136 -14.961533
v  3.346046 -0.723934 11.458267
v  -0.179755 1.105198 -6.300919
v  -4.694177 -1.132431 -12.724869
v  5.242935 1.268620 14.471794
v  4.978151 -0.606548 13.781708
v  0.584886 1.107479 -2.395973
v  0.261197 0.973881 15.920616
v  -1.055814 1.313915 -8.911728
v  -5.934416 -0.153255 -13.989838
v  -4.137949 2.122017 -15.277252
v  -3.758088 -0.047337 -17.170364
v  -5.599397 0.595760 -13.492004
v  -5.682841 1.060825 -14.050278
v  3.187181 0.644176 10.503586
v  0.631339 -0.715282 -0.374992
v  0.709877 -0.228054 -2.047882
v  2.720989 0.931034 11.306770
v  0.985029 0.007698 15.659836
v  1.287241 -0.053303 12.930435
v  1.758364 0.687183 3.439919
v  0.041621 -0.855228 -1.227921
v  1.909359 1.922997 16.430603
v  0.313435 1.237576 -2.737907
v  -5.485765 -1.569069 -14.435501
v  0.355021 0.246990 15.438583
v  -2.181081 1.621944 -14.887451
v  1.099909 0.229931 9.693764
v  -3.286761 -1.866833 -16.506363
v  0.964922 0.704422 5.561951
v  1.287338 0.280556 10.876793
v  0.898434 1.097595 15.496674
v  1.679558 -0.665409 3.054344
v  -1.972951 -2.060192 -14.988815
v  3.155478 0.272984 14.425148
v  -2.480606 0.505207 -17.031372
v  -5.402297 1.561813 -14.603851
v  -4.931926 1.896976 -14.638107
v  1.344950 -0.440830 1.388596
v  -2.184310 1.434750 -15.792465
v  1.104664 -0.418316 9.603378
v  -1.254624 -1.331837 -15.668854
v  -1.546824 1.293633 -9.455528
v  -0.987587 0.366611 -15.842010
v  0.457170 1.063808 15.988007
v  -2.224000 0.908680 -8.533028
v  -1.867196 0.299061 -5.885994
v  -0.944115 -0.137516 -12.528839
v  5.291233 1.041653 15.713127
v  -0.898868 0.429092 -12.545425
v  3.489912 -0.459099 13.210144
v  -2.206637 -0.118050 -7.159569
v  -1.818764 -0.416615 -6.317200
v  1.478306 1.324249 14.953987
v  5.024975 -0.259598 15.519867
v  -3.573977 0.045532 -11.172287
v  2.839342 -0.645054 8.050346
v  -2.251837 -0.540798 -16.917236
v  -2.694884 -0.613708 -17.043655
v  3.027668 0.931694 13.238525
v  3.602621 0.964352 13.743431
v  1.506529 1.362263 16.011551
v  3.943848 1.392078 15.004829
v  -0.179375 0.804462 0.726852
v  -2.257167 -0.862064 -10.534134
v  0.830226 0.521473 6.151718
v  -5.370308 0.809589 -16.124878
v  4.628590 -0.497272 12.696060
v  1.331831 -0.655453 9.040672
v  3.163198 0.044174 9.067245
v  -2.854400 0.320717 -9.625404
v  -1.832374 -0.711578 -16.781143
v  -2.259449 -1.357773 -16.628891
v  2.203732 0.886723 10.967789
v  -2.974208 1.305080 -11.806534
v  0.432601 0.830074 15.015533
v  -1.578034 -0.513092 -16.745804
v  -4.090008 -2.440571 -15.240189
v  -4.141448 -2.446058 -14.733582
v  -1.058444 -0.458241 -12.463898
v  -3.675005 -1.945988 -16.453293
v  2.028568 1.800808 16.662682
v  -5.865660 0.864101 -14.310165
v  5.554813 -0.150017 13.878319
v  -2.953393 -0.720745 -10.851395
v  -2.992337 1.771313 -12.657776
v  -3.461232 1.041187 -12.328140
v  -5.096316 -1.532341 -16.039581
v  -5.026392 -1.886620 -15.637970
v  -2.322836 1.495594 -11.495316
v  -1.632821 1.246708 -15.986343
v  -2.391970 2.005257 -14.083527
v  2.329294 0.827797 14.111374
v  -0.373256 -0.524860 0.400215
v  -4.953874 -2.003151 -14.124176
v  -1.353216 -0.875889 -10.308945
v  2.683071 0.391422 14.449509
v  -0.658128 0.178387 -10.392731
v  1.129482 0.041546 -0.839592
v  -1.785799 -0.810131 -8.005455
v  -1.144342 -0.788223 -5.692749
v  5.169729 1.393642 15.130424
v  5.984268 0.629608 15.379654
v  4.078379 -0.281250 11.698936
v  1.195608 -0.028797 13.728943
v  -0.225381 -0.490761 -6.347290
v  -1.256969 -0.922394 -13.057449
v  -1.323040 0.671005 -4.472244
v  4.526535 1.240807 14.683105
v  5.704859 0.673409 15.709541
v  1.099117 1.006748 3.478020
v  0.869832 0.807781 16.472603
v  -5.904250 -0.733067 -14.550903
v  0.235823 0.879436 16.136086
v  -0.302967 0.145222 2.183060
v  2.544838 -0.868488 7.709190
v  5.902479 0.225407 15.002289
v  -4.596712 0.800289 -12.937119
v  1.859087 0.829960 13.352791
v  2.834045 0.943539 14.470146
v  2.088167 0.828064 11.717155
v  0.703148 -0.883595 3.394402
v  0.810480 -0.151566 8.525475
v  3.229849 -0.743809 9.498947
v  2.103590 0.363232 14.722557
v  -3.018102 2.113853 -13.306870
v  0.408508 0.283184 5.321190
v  -3.341981 0.488091 -11.275833
v  -2.810249 1.647030 -16.006927
v  3.819973 1.143040 14.376656
v  -4.233430 1.374699 -13.390198
v  -4.428284 -2.350452 -15.245819
v  4.543556 0.313271 15.865387
v  0.468989 0.528214 16.544220
v  -2.614196 1.282841 -16.449982
v  -3.112550 0.926563 -16.946442
v  -4.978282 0.992981 -16.420700
v  -3.812514 -0.751247 -11.749878
v  -1.664261 -1.047794 -12.063843
v  0.593199 0.100807 15.766907
v  -3.509843 2.397385 -14.359222
v  -3.263416 2.463863 -14.567337
v  3.681349 -0.279911 15.479164
v  1.385744 0.386776 0.149231
v  -0.904130 0.252934 -1.378830
v  -5.772526 -0.847088 -15.385620
v  -3.239601 -0.107338 -10.444504
v  4.109962 -0.428791 15.026604
v  5.760761 1.243523 15.319847
v  5.948542 1.085152 15.269478
v  -0.965382 0.770897 -12.561829
v  3.437155 -0.530773 12.907143
v  2.066969 0.301937 14.462105
v  -4.693458 0.773281 -16.703506
v  1.719051 1.384502 14.859612
v  1.433281 -0.027424 14.686729
v  -3.002206 -0.517979 -10.283432
v  0.061446 0.533474 15.689903
v  2.048992 1.924599 16.344780
v  -1.339831 -0.672672 -5.606026
v  -1.452255 -1.638386 -15.548141
v  -5.096723 -1.157604 -13.104935
v  -3.216144 0.052242 -10.457367
v  4.081274 0.522198 12.780937
v  3.903637 0.440838 12.150551
v  5.083172 1.329967 14.628166
v  0.162451 -0.693272 2.726143
v  0.408038 -0.540661 4.643593
v  -1.878001 1.180279 -8.790970
v  -4.058072 2.046932 -15.610199
v  -2.899033 2.296158 -15.357178
v  -1.747496 1.381001 -11.456421
v  4.771202 0.187782 13.193375
v  -5.440224 0.373730 -13.205200
v  2.512550 -0.732330 10.024353
v  1.561293 0.540058 16.433502
v  -0.240086 0.748772 -7.807365
v  1.951569 0.549534 17.150681
v  1.895775 0.379951 16.968918
v  4.567665 0.974651 15.644714
v  -1.874133 -0.142159 -5.943764
v  4.806826 0.634121 13.840744
v  2.535669 -0.320820 12.867004
v  2.799362 -0.094383 13.452477
v  2.525208 0.808826 9.009453
v  -0.712568 1.190956 -5.568687
v  -4.702578 -1.507420 -16.451630
v  -5.244675 -1.861084 -15.000290
v  -3.995740 -1.270710 -12.602982
v  -1.167526 1.345692 -10.579941
v  -0.735282 1.202789 -8.748550
v  -2.516916 -2.244282 -14.953064
v  0.516896 1.008701 -3.163849
v  -3.149935 -0.261639 -10.276138
v  -1.181106 1.282093 -11.484802
v  -4.329019 1.584469 -16.355988
v  -2.002182 -1.887165 -16.122711
v  -3.275179 -1.890827 -13.641571
v  -0.785678 0.754696 -10.818466
v  -1.240363 1.035641 -15.584381
v  -2.192524 0.701347 -17.001526
v  5.014589 -0.420567 15.243126
v  0.243685 0.348038 -5.651054
v  0.201320 1.267090 -2.624260
v  -0.210364 0.408298 2.206184
v  1.343731 -0.762173 6.840355
v  2.841602 -0.078274 15.844620
v  2.384560 -0.004719 16.137665
v  2.468832 0.303391 16.533424
v  -3.421513 -0.891556 -11.794434
v  -0.930221 -0.352741 -15.760880
v  -2.492100 1.956676 -15.416931
v  -3.934672 1.178452 -16.774261
v  -4.151589 -0.085384 -17.096619
v  1.278454 1.001331 2.189743
v  1.723951 0.866489 4.427399
v  1.720205 0.081081 15.368980
v  -0.724116 1.028580 -9.692963
v  -1.673366 -0.025555 -16.877350
v  -2.223960 1.609932 -15.266342
v  -1.908902 1.411369 -15.207932
v  1.238745 1.199142 15.459419
v  3.824848 -0.712315 12.635780
v  3.507574 -0.768898 11.256821
v  -4.493612 0.524647 -12.560822
v  -0.909712 -0.638752 -14.397797
v  1.379906 -0.288448 11.658669
v  -0.389172 -0.827690 -2.814911
v  0.178295 -0.855618 -1.050064
v  1.656096 1.276794 16.497749
v  -1.384893 0.992413 -16.086273
v  5.367966 0.298595 13.713699
v  1.982290 0.889973 13.723007
v  -5.459476 0.366268 -16.204453
v  0.027284 1.140163 -0.336533
v  -5.659117 -1.044476 -13.925659
v  -3.277068 2.399925 -14.200470
v  2.076799 1.444279 17.015068
v  2.187395 -0.104340 13.700485
v  -5.839553 0.946903 -14.859314
v  -1.240118 -0.231064 -16.515076
v  0.887774 0.171032 16.239487
v  -1.725408 -1.829662 -14.481964
v  5.213844 -0.392811 13.617195
v  4.403959 -0.766560 13.837303
v  1.562485 0.826771 6.805031
v  1.638809 -0.402077 12.128319
v  0.613027 0.445438 14.562401
v  1.032957 0.245075 13.717041
v  1.470924 1.231380 16.141365
v  4.829460 -0.187084 12.988762
v  -1.077584 0.100727 -2.189049
v  -1.555247 0.106869 -4.434647
v  -4.134133 -0.351292 -11.817307
v  -3.811325 -0.310879 -11.457993
v  2.201277 0.441441 5.362221
v  -5.268572 -0.813412 -13.081253
v  1.305134 0.125538 12.021957
v  1.301634 -0.048985 12.066513
v  -0.843520 0.210606 -15.223694
v  0.335951 -0.483967 -2.995262
v  -2.386921 1.385075 -10.948959
v  -4.104454 -1.056770 -12.304077
v  3.135248 0.736515 16.199707
v  1.782255 0.574177 16.812279
v  -1.699447 0.948936 -6.955070
v  1.943567 1.751404 15.329834
v  3.282143 1.355534 14.871040
v  2.513508 1.593380 15.435577
v  -2.215424 -0.980709 -16.784637
v  -1.576308 0.888531 -16.498230
v  0.574663 -0.948635 1.543404
v  -5.440113 -0.369759 -16.245453
v  -4.426041 0.369968 -16.951431
v  -0.420625 -0.859028 -4.429497
v  3.800770 1.004509 14.124290
v  -5.234537 -1.772419 -14.146027
v  1.725725 -0.135105 13.956146
v  2.033632 -0.282501 13.236557
v  1.937601 0.902798 17.192398
v  3.312939 1.278076 15.740021
v  -4.435028 -2.112778 -13.795593
v  -0.972533 0.596878 -2.383667
v  3.982800 1.317032 15.396133
v  -4.173771 1.958027 -14.025574
v  -1.209723 -0.724072 -12.426163
v  1.926796 -0.702625 4.112114
v  4.093069 -0.649979 13.918274
v  5.236826 -0.496174 14.191978
v  0.003175 -0.817081 -2.408463
v  0.254204 0.477779 16.377846
v  -3.406408 -1.363987 -16.904556
v  -3.924891 0.996761 -12.791611
v  -3.456067 0.642078 -17.079544
v  1.727644 0.931622 13.835129
v  -3.415281 -0.687946 -17.139587
v  -2.781650 -0.158985 -17.125000
v  -5.760575 -1.121666 -14.810547
v  2.841789 0.352711 14.657471
v  -1.645657 -1.497883 -16.306305
v  -2.875847 -0.261372 -9.513145
v  -0.953354 -0.315674 -2.053383
v  1.361891 0.755215 6.872398
v  3.577261 1.170357 14.433319
v  2.921200 -0.320950 12.974976
v  -1.870059 -1.289700 -12.687775
v  -0.953013 -0.594303 -15.669922
v  -0.907237 -0.339890 -11.096420
v  0.161998 0.290176 4.122482
v  -5.989560 0.074890 -15.145599
v  -3.087721 -0.960163 -11.910950
v  0.729250 0.462334 16.573212
v  2.435083 1.321339 14.976433
v  1.654211 0.693546 13.072906
v  -0.996693 -0.957676 -14.866821
v  -0.780583 -0.687401 -8.725296
v  -0.509005 0.851101 -0.855553
v  -0.535012 -0.788078 -6.157715
v  -0.042385 -0.598362 -4.694763
v  3.509211 0.866459 13.016518
v  -2.578161 2.187931 -14.990692
v  2.837248 0.338696 8.177727
v  -1.702521 -1.289200 -16.500778
v  -4.051495 -0.526211 -11.791779
v  5.500364 -0.066574 15.374825
v  -4.878750 -1.335918 -13.056595
v  -3.799883 0.064331 -11.508621
v  0.404547 0.189198 15.693970
v  0.781265 0.151970 14.628456
v  1.286625 0.437733 13.244514
v  -3.234614 -0.785816 -11.406906
v  -5.440784 -0.892628 -13.364059
v  -4.801157 1.922474 -14.418152
v  -1.009542 -0.445011 -13.148499
v  4.220341 -0.545448 14.536072
v  4.482544 0.680668 14.063423
v  5.518879 -0.223965 14.847000
v  -4.992898 1.491211 -15.988022
v  -2.631039 -1.023651 -16.908157
v  0.708749 1.132397 0.699913
v  -3.819171 -0.439247 -17.153091
v  1.486767 -0.586750 10.376526
v  1.687943 1.203064 14.561081
v  -1.740388 -0.932899 -10.282410
v  -1.209752 -1.349613 -14.685776
v  -3.791927 -2.378202 -15.663010
v  0.883499 -0.829006 1.037567
v  -0.898985 0.144794 -12.528137
v  0.074359 0.925541 1.031960
v  -5.351997 1.012646 -13.564407
v  -5.226444 -0.088093 -12.861481
v  -0.190122 1.219070 -2.586433
v  3.573679 -0.075863 10.335854
v  5.713379 0.594666 14.056145
v  -2.366241 -0.968365 -11.432449
v  -1.052853 -1.032192 -15.366699
v  -4.444127 -1.463772 -16.639297
v  -0.588468 0.168846 0.431503
v  0.046165 0.684948 15.784538
v  -4.003989 -2.171608 -13.818085
v  -2.883771 1.308102 -16.498917
v  -4.886143 -2.144682 -14.961792
v  3.005846 1.460411 15.481415
v  4.237206 -0.120777 12.168625
v  1.760775 0.702660 10.899292
v  -4.924919 -0.350533 -16.725983
v  -3.388153 0.242935 -17.170151
v  4.099157 -0.729397 12.097382
v  3.453377 -0.783779 10.436440
v  2.967758 -0.850845 9.021011
v  1.757690 0.084698 2.303566
v  2.649708 0.628361 8.260139
v  -2.551864 -0.676708 -9.659065
v  -2.309462 -0.624863 -8.554138
v  -2.008899 0.524151 -6.720718
v  -1.598861 -0.684032 -6.667145
v  -4.176665 1.749546 -16.176880
v  1.523293 1.520908 15.517273
v  1.981468 -0.006298 15.552055
v  4.074692 0.652927 13.820274
v  -1.074880 0.979839 -5.172073
v  -5.259560 1.695210 -14.855011
v  -1.378304 1.090092 -6.925377
v  -3.969577 1.476723 -13.365616
v  2.031626 -0.056999 15.916992
v  -2.485372 -1.111824 -12.093277
v  -2.808947 2.255512 -13.846878
v  2.271761 -0.546673 5.406792
v  0.939749 -0.286728 9.090454
v  1.229048 -0.229107 10.877228
v  1.752094 1.928661 15.727730
v  -0.852559 0.148312 -11.834579
v  2.573620 0.354309 14.851433
v  -1.464751 -0.941719 -12.088013
v  4.282982 0.551609 13.682434
v  5.186172 1.097149 14.242134
v  -0.864822 -0.889198 -6.303871
v  2.220284 -0.566662 11.234200
v  1.238344 0.866463 0.445427
v  1.765757 -0.883736 5.892113
v  2.279448 -0.872906 7.612030
v  0.596267 1.021030 15.350365
v  -1.699685 1.044109 -16.449997
v  2.023237 -0.834721 5.083412
v  1.184723 1.109562 15.985771
v  1.298656 0.721165 13.792114
v  5.417706 0.583824 15.836121
v  3.954294 -0.354176 14.893166
v  -5.636894 -1.194443 -15.354645
v  -1.741691 0.699783 -16.800461
v  0.965858 1.005558 -0.750122
v  -0.168015 1.245426 -4.254951
v  -1.147892 1.048130 -14.980835
v  -1.043172 0.894871 -14.941269
v  -4.643565 -1.096874 -16.717178
v  -4.723469 1.972904 -15.108429
v  1.446743 0.400631 12.215134
v  -5.453415 1.354111 -14.076553
v  -3.995873 -2.242207 -15.984421
v  2.012791 1.959820 16.005630
v  5.937248 0.364319 14.326363
v  -0.428207 -0.771824 -2.182724
v  -5.816706 0.018597 -15.669540
v  1.439648 0.875175 16.328018
v  2.983654 0.158241 13.944168
v  -1.331983 -0.620922 -16.527176
v  3.264158 0.291355 16.135483
v  -1.670012 1.376987 -15.464676
v  -2.468319 -1.014942 -11.740662
v  -4.159613 -1.978840 -13.497513
v  -5.654762 0.402950 -13.464828
v  0.202721 0.212837 -5.888466
v  -0.236968 -0.135357 -7.856201
v  -2.652891 1.451565 -16.135345
v  -1.884686 -1.070473 -11.875107
v  -2.928739 -0.005013 -9.566315
v  1.191988 -0.809277 5.645164
v  0.297377 0.740620 2.955910
v  -3.351542 2.206387 -15.638336
v  -0.902086 -0.104652 -11.851501
v  3.471725 0.843693 12.358383
v  -2.408206 1.051304 -9.718407
v  -2.536712 0.882671 -9.664803
v  -1.402224 -1.606480 -15.054062
v  3.417542 0.999493 13.730217
v  0.089371 0.680305 15.481842
v  -5.134431 -1.580425 -13.585800
v  -4.247461 -1.979519 -16.306717
v  2.442766 0.794537 13.869667
v  3.724249 -0.417133 10.649132
v  -0.960146 0.413002 -1.881172
v  5.253292 1.338036 15.342941
v  5.531759 1.397774 14.960358
v  -2.001538 -2.062489 -15.727554
v  -3.115422 2.338993 -15.381592
v  -2.813586 1.515671 -11.956665
v  -3.005495 -1.622704 -13.273392
v  -5.660836 -0.876476 -15.660568
v  2.862024 -0.473770 7.983009
v  1.353577 0.531094 9.383553
v  1.004715 0.358154 8.300522
v  -1.162067 -1.126553 -15.773392
v  5.186234 -0.110340 13.403351
v  2.419123 0.101227 16.328171
v  4.825253 0.777275 15.760597
v  4.824667 0.440868 15.823898
v  -0.665982 -0.532490 -8.934448
v  1.145330 -0.298866 0.239906
v  -5.821721 -0.630383 -13.971786
v  0.652777 0.125389 16.058174
v  6.025749 0.958454 14.857162
v  5.585287 1.044346 15.668602
v  5.034767 -0.572453 14.601662
v  1.391975 0.429550 16.360947
v  2.145777 0.109947 15.248108
v  2.038212 -0.674038 10.050484
v  -1.410831 1.336376 -12.309341
v  -5.782077 0.784206 -15.385086
v  -1.539718 -0.931618 -11.446655
v  -2.684336 -0.720913 -10.379639
v  5.876493 0.113705 14.637405
v  4.852646 -0.589069 13.313866
v  0.622361 0.541225 -3.488739
v  5.514254 1.243717 15.483727
v  3.763378 0.563549 12.014778
v  2.588593 -0.749298 7.245865
v  -3.078242 -2.294802 -14.655762
v  3.222712 1.131840 14.512489
v  4.762070 -0.273838 15.576294
v  -2.951400 -2.300840 -15.503845
v  0.717049 0.595428 5.195854
v  -1.940094 0.613987 -16.954056
v  3.358910 0.127300 14.697372
v  4.458597 -0.567043 14.875443
v  -3.265838 0.860355 -11.735580
v  3.026934 0.498985 9.432167
v  -2.596601 0.226860 -8.424576
v  -1.870314 1.419918 -12.587875
v  -3.037620 1.551594 -12.356766
v  0.439134 0.039753 6.354675
v  5.068104 1.387131 14.848991
v  -1.840563 -1.900436 -15.957993
v  4.690283 0.527691 13.699066
v  -3.362804 -1.325317 -12.758148
v  -3.985502 -1.484787 -12.901276
v  2.006596 0.149914 16.714737
v  1.949911 1.318050 17.086220
v  0.909732 -0.931187 1.760757
v  -4.378568 0.782932 -16.846573
v  -1.534545 -0.957218 -16.560577
v  -3.738292 -2.162605 -13.877884
v  4.048527 -0.055286 11.855049
v  3.438299 0.173969 10.167259
v  1.866722 0.718384 11.793633
v  2.394527 0.020596 5.938316
v  3.269604 -0.203465 15.274223
v  2.102659 -0.058693 15.701309
v  -2.342719 1.578384 -15.595612
v  -5.504524 1.092850 -15.686340
v  -0.480613 0.996769 -1.600044
v  3.976046 0.100365 15.940392
v  -5.623513 1.117229 -15.383041
v  1.719421 0.884754 5.835510
v  -1.548330 -0.923309 -10.298965
v  -0.528113 -0.875256 -4.513573
v  0.104659 -0.767010 -2.462051
v  -2.359308 1.936386 -13.420532
v  -1.325246 -1.399677 -14.120575
v  2.260574 0.359688 14.898521
v  -5.257948 -0.762539 -16.335526
v  4.612974 1.134216 15.494194
v  4.361732 0.935272 15.709824
v  -4.930565 -1.530293 -16.231995
v  2.970764 1.142960 16.095444
v  -5.683628 0.830166 -13.770416
v  2.103277 0.822475 12.495331
v  -4.714906 0.349781 -16.817978
v  -1.341861 -1.515629 -14.600006
v  0.717459 -0.077747 -2.623253
v  1.157415 0.127068 10.460785
v  0.903812 0.100452 8.882111
v  -1.230448 1.320728 -9.183128
v  -2.079275 1.246960 -16.421310
v  0.181480 0.800739 15.383057
v  5.322735 0.814156 15.825218
v  0.367934 -0.806225 2.885612
v  -2.989273 -2.341839 -15.187805
v  -1.279113 -0.768536 -11.824219
v  2.741138 0.636993 16.475998
v  -4.388422 -2.279673 -15.604675
v  -1.916043 0.139816 -5.975227
v  2.868443 -0.206413 7.935699
v  1.714361 1.796986 16.325768
v  -5.680686 -0.092293 -13.436951
v  0.831705 -0.946823 2.928230
v  -3.992718 0.279430 -11.891937
v  0.287909 0.636951 16.412140
v  0.149142 0.407417 15.982674
v  -2.267463 -1.616383 -16.454880
v  -0.771981 1.317539 -7.277863
v  4.558897 0.467480 13.471344
v  2.252615 0.831913 7.995316
v  -1.266560 1.265408 -12.555481
v  5.180693 -0.461018 13.708755
v  3.498672 0.620243 16.089432
v  1.563772 1.496471 15.194244
v  -4.837277 -0.863541 -12.640533
v  2.757656 1.083065 16.383842
v  -5.434658 1.408092 -15.334610
v  -3.809786 0.524837 -11.988663
v  -0.068343 -0.560226 2.291985
v  3.308601 -0.648663 12.005745
v  -2.663389 2.176788 -15.323639
v  0.025084 -0.181583 -6.258011
v  0.335167 -0.147991 -4.697624
v  2.055405 0.483578 17.091599
v  -0.533520 0.427258 -9.693771
v  2.640631 -0.226307 13.175514
v  4.644924 -0.734081 14.167999
v  -2.588945 1.706738 -12.251862
v  4.288820 -0.738876 13.965073
v  -3.024532 -0.921452 -17.043640
v  4.330236 0.853191 14.271095
v  4.487396 1.095692 14.469765
v  1.052082 1.028698 0.582741
v  0.836008 1.111279 -0.837921
v  3.699738 -0.214840 15.658722
v  0.845138 0.670177 14.303703
v  5.061739 0.557255 13.755058
v  -3.095313 2.440853 -15.021866
v  -1.064519 1.191338 -11.272888
v  -0.845390 -0.130188 -1.146980
v  1.918482 -0.888313 5.209175
v  -1.315942 -0.402260 -3.957726
v  -1.469513 -0.568684 -5.533424
v  -4.748476 1.861866 -14.184570
v  -5.568992 1.020527 -13.794235
v  -5.393012 -0.460941 -13.103516
v  0.841123 0.072124 -2.342194
v  1.756638 1.945850 16.150467
v  1.078686 -0.005733 14.707939
v  1.615126 1.574997 16.101479
v  -5.691282 -0.002846 -15.911713
v  2.039721 0.308125 4.236565
v  -3.074884 -0.537357 -17.140396
v  1.532452 -0.908630 3.544189
v  1.615396 0.044502 14.707359
v  3.434216 -0.061367 14.897812
v  2.246031 1.777309 16.429489
v  4.946926 -0.034111 13.191666
v  -4.894382 -1.790142 -13.587173
v  2.398136 0.857624 12.824226
v  4.468243 1.232605 15.358063
v  -1.101997 1.037334 -14.343460
v  -3.911029 2.125912 -14.153748
v  -3.045022 2.382256 -14.171356
v  2.376848 0.889206 14.419487
v  1.312717 -0.111721 13.199944
v  0.918849 0.178394 14.093407
v  1.444351 0.842281 1.735550
v  5.835125 0.827507 14.261864
v  -1.173150 -0.480068 -16.352127
v  -0.772820 0.127712 -11.110901
v  -2.252099 1.625309 -12.280869
v  1.589043 0.785309 13.531265
v  2.632679 -0.884392 8.768486
v  -0.804116 0.035480 -14.581863
v  -0.903957 0.128819 -13.245178
v  1.494429 1.192947 14.623436
v  -4.270015 1.154148 -16.707184
v  -0.953343 1.247654 -10.025040
v  0.779501 0.917835 14.749405
v  -5.725237 -1.187744 -14.494064
v  1.380289 0.577339 0.342667
v  4.218182 0.414608 12.819191
v  -0.517651 -0.035984 -9.430153
v  1.438971 0.199322 0.406448
v  -0.154444 0.560047 -7.680473
v  -1.028160 -0.164349 -2.110786
v  -3.606345 -0.170891 -11.150436
v  5.580524 0.864906 14.110802
v  -0.927310 0.137630 -15.765274
v  2.806108 0.197430 7.830582
v  -6.004833 0.406021 -14.296906
v  -6.028406 0.384186 -14.584885
v  -1.824357 1.331181 -10.211456
v  -2.161867 1.399963 -10.929321
v  -1.071745 0.891678 -4.503647
v  -0.712188 1.089016 -4.536201
v  3.146484 0.946751 13.043144
v  2.366724 -0.435242 12.284187
v  -3.828539 -0.127148 -11.474030
v  -4.200060 -0.443123 -17.064743
v  -3.768417 -0.745724 -17.113708
v  0.152883 -0.664539 -3.000137
v  -1.050138 -0.564724 -11.165329
v  -2.860205 -2.215485 -15.788788
v  -3.519203 -2.392773 -15.526154
v  -1.422548 -0.312611 -16.682877
v  -2.079765 1.534565 -12.349625
v  1.685263 0.800312 3.494873
v  -4.288045 -1.769939 -16.497986
v  -4.531571 -1.797577 -16.338867
v  2.405645 -0.448505 5.980362
v  -0.165618 1.166271 -5.875618
v  -0.858459 1.262367 -8.856972
v  -1.957658 -2.076012 -15.405518
v  -1.708594 -1.904697 -15.376587
v  -0.413254 1.246571 -5.224464
v  1.277216 0.684929 16.359856
v  -5.997328 -0.185459 -14.265518
v  1.132782 -0.921890 4.158676
v  -1.293322 1.299961 -8.879662
v  0.445192 -0.190926 6.314346
v  1.434074 -0.211586 1.132561
v  -3.750054 -1.480625 -16.828995
v  -2.312182 0.765167 -8.386650
v  -2.333644 -1.629337 -13.323227
v  -2.546470 -2.010937 -14.140121
v  -3.167989 -2.059216 -14.000122
v  1.261921 0.016773 12.855217
v  4.480000 -0.449852 15.302864
v  -1.972713 0.157925 -16.991348
v  -5.169964 1.703762 -14.364151
v  2.359787 0.503544 16.782166
v  -2.158782 -0.257450 -7.191154
v  1.474138 0.104588 16.107727
v  -5.882161 -0.682297 -14.262939
v  1.189562 1.028797 16.167946
v  1.129034 -0.000282 10.454918
v  -1.402262 -0.996380 -12.675476
v  2.924362 1.441959 15.715164
v  -0.254084 -0.637951 0.485054
v  5.998787 0.507660 15.191452
v  -0.316251 0.972027 -0.575554
v  2.078438 0.803028 6.269928
v  -3.540255 -0.442780 -11.141464
v  0.641605 0.363346 -3.542686
v  5.877996 1.168659 14.608566
v  2.444565 1.119854 16.791382
v  -5.202774 -1.684082 -13.863388
v  3.406784 1.050011 14.069382
v  2.581381 0.822910 14.234154
v  -0.600503 0.695080 -0.680267
v  -4.707296 1.548447 -13.724457
v  2.229517 0.048069 5.144928
v  0.761336 0.319431 16.455017
v  -4.591871 -0.378880 -16.922104
v  -4.587736 -2.310833 -14.763031
v  5.770683 0.078842 14.081429
v  3.046679 -0.024483 15.939903
v  -1.688675 0.469509 -5.415367
v  -2.137849 0.324875 -6.908379
v  -4.929280 1.817463 -15.410156
v  -4.750297 1.613392 -16.064209
v  -2.411562 -0.755096 -9.844208
v  -4.479597 1.859921 -15.803436
v  -1.235306 -0.922436 -8.623039
v  -0.356528 -0.821194 -4.727913
v  -3.456929 2.355312 -14.147156
v  0.197669 0.341873 15.681984
v  1.371071 0.350266 12.603920
v  1.151859 0.379608 13.488708
v  -0.554276 -0.261822 0.232056
v  -5.709968 1.195530 -14.582077
v  -5.891657 0.856174 -14.589188
v  4.898869 0.980274 14.168060
v  -2.408368 0.208912 -17.041916
v  -4.667635 1.470745 -16.309677
v  0.668748 1.110088 15.966553
v  -2.094814 0.448235 -17.022491
v  5.729877 -0.063934 14.697182
v  4.663376 -0.410141 12.724747
v  -1.382921 1.280663 -14.943588
v  1.277626 -0.077530 11.571892
v  1.491505 -0.158775 13.676430
v  1.211819 -0.049404 13.976906
v  -0.477873 -0.393147 0.312248
v  2.635405 -0.648724 7.244019
v  5.849112 0.354549 14.134224
v  -0.939673 0.709682 -14.354050
v  3.668722 -0.054817 14.379372
v  -5.480887 -1.494591 -14.160995
v  -0.847306 0.392521 -11.842972
v  5.275995 0.279053 15.779694
v  -4.269351 -2.179245 -15.991440
v  -1.086109 1.015545 -13.272415
v  3.014151 0.270092 14.227692
v  -0.816770 -0.225544 -14.944824
v  1.864733 1.785648 16.662956
v  5.235838 -0.231033 15.408302
v  3.507725 0.923264 13.415230
v  1.385780 -0.863346 2.729156
v  4.049152 -0.053249 15.835869
v  2.231964 0.873215 8.853668
v  4.894047 -0.129177 15.671539
v  -4.098789 2.156467 -14.535370
v  -0.727571 -0.847885 -4.463791
v  -3.254851 0.352055 -10.884659
v  -3.140626 0.279903 -10.501678
v  3.731939 0.386730 11.629105
v  -5.467693 0.191551 -13.175293
v  -2.341321 -2.148079 -14.671371
v  1.363823 -0.528984 10.356010
v  -3.981506 1.584435 -16.424515
v  -3.610557 1.308086 -16.688629
v  -3.481378 0.986893 -16.927017
v  -0.528577 0.986240 -8.716759
v  -0.564024 0.303238 0.449760
v  -5.159146 -0.272530 -16.544678
v  -4.861041 -0.740421 -16.693436
v  0.674454 0.192951 -3.391556
v  1.175268 0.645123 7.017708
v  3.280590 1.418816 15.303093
v  -3.370333 0.075039 -10.817032
v  0.882368 -0.762894 5.168716
v  -0.967802 0.717003 -13.275757
v  1.174511 1.040257 2.380165
v  3.437357 -0.167877 15.063812
v  5.889029 1.248787 14.780548
v  -1.516306 0.041210 -16.788254
v  0.576006 1.125256 0.798485
v  -2.996030 2.066795 -15.735764
v  -2.982478 1.564335 -16.180588
v  2.659258 1.498276 16.080887
v  -4.993773 1.577557 -13.900009
v  3.147745 -0.196453 8.923729
v  -0.501019 0.166412 -9.509697
v  3.254299 -0.500000 12.746254
v  0.343000 -0.785534 -1.201202
v  2.811237 -0.777885 8.201340
v  -4.289950 0.701057 -12.633911
v  4.722237 -0.660904 14.643791
v  -5.170774 -1.876629 -15.284180
v  -0.870560 1.316303 -7.281006
v  5.364906 -0.394962 14.498825
v  5.808470 0.534653 15.606178
v  -3.642279 -2.451189 -14.837753
v  -2.554679 1.158607 -10.477585
v  -2.792728 1.240280 -11.291519
v  5.378080 0.468342 13.819969
v  6.037016 0.844231 15.209496
v  3.420065 -0.798447 10.661766
v  4.049374 -0.741470 12.342239
v  -2.053045 -0.867573 -9.892624
v  4.560015 -0.272923 12.578522
v  4.439499 -0.077259 12.546585
v  -3.979018 -1.886761 -16.495819
v  2.142611 0.907833 14.237305
v  -2.014946 -1.832989 -14.006729
v  -2.450318 1.701809 -12.273193
v  0.098777 0.694542 -6.012062
v  -1.201089 0.785446 -4.449127
v  -5.678188 0.202930 -13.443527
v  -0.168640 -0.798244 -0.842209
v  -2.427680 1.485271 -15.895676
v  -2.211658 1.474182 -15.605072
v  4.329859 1.256989 14.728279
v  2.201107 1.863876 16.139893
v  3.098261 -0.579346 8.858963
v  2.752815 -0.004852 7.487190
v  0.095245 -0.048824 -6.191505
v  -1.716559 1.379166 -12.066238
v  -2.168837 -1.067749 -11.829376
v  -0.058753 1.203320 -1.242966
v  3.218821 0.503254 16.193275
v  1.185457 0.359379 16.355156
v  0.459601 1.187962 -2.519478
v  -2.443005 1.274914 -10.562836
v  -3.166185 -1.588886 -16.726456
v  1.469439 0.480343 12.691856
v  0.917917 0.225025 8.538628
v  -4.956149 1.890781 -14.988678
v  -1.517030 -0.912830 -10.980682
v  -1.136615 -0.726013 -10.642105
v  -2.134108 1.651203 -13.226547
v  -4.657327 -1.655582 -13.234573
v  5.481295 1.201618 14.410744
v  0.019572 0.635319 2.371346
v  1.180901 -0.535759 9.340309
v  1.892784 0.767700 12.826157
v  -4.450176 -2.222860 -14.061722
v  3.124828 -0.190472 13.386551
v  -4.238191 -1.337170 -16.795547
v  2.772421 0.836044 13.877396
v  0.817325 0.932919 16.373169
v  0.939844 -0.246964 -0.801422
v  -3.881519 -1.734219 -13.217789
v  1.452885 0.433285 11.165634
v  -1.391861 -0.768116 -6.487495
v  3.878689 0.037754 11.539055
v  -4.063370 0.088902 -11.817627
v  -4.379551 -0.226826 -12.043106
v  2.008297 -0.757694 8.783943
v  -4.334139 1.397785 -16.525391
v  -0.898739 -0.640293 -15.223068
v  -5.567595 -0.982635 -13.651810
v  2.788483 0.863434 14.217979
v  2.924416 0.924473 11.487175
v  2.405888 -0.882145 7.570328
v  1.763132 1.061382 16.813522
v  0.965534 0.982349 3.554390
v  2.074602 -0.563969 4.446877
v  5.691862 0.294842 15.594582
v  1.537237 0.040249 15.951424
v  3.500002 0.831959 16.021301
v  -3.347817 1.824596 -13.174988
v  -3.602381 1.519497 -13.119476
v  -3.155460 1.084126 -16.841934
v  -1.769981 -0.012287 -5.366150
v  -3.096267 -0.401791 -10.295731
v  1.380220 0.662907 8.194481
v  -1.317191 -0.832958 -10.877289
v  1.663486 0.813705 7.787872
v  -2.153505 1.512585 -15.308136
v  -1.967327 1.428013 -14.611740
v  2.194647 -0.253750 13.258965
v  3.011772 0.097984 16.078773
v  0.181430 1.218987 -0.557053
v  3.773836 -0.670422 12.915283
v  2.899904 1.467812 15.259758
v  2.908390 0.419334 16.303642
v  1.389986 0.853828 5.790283
v  -1.799500 -0.864872 -8.557182
v  1.362160 -0.180851 12.223328
v  -5.161863 0.197193 -12.858124
v  -4.372615 0.199886 -12.181046
v  3.958078 1.373013 15.221695
v  -0.099586 -0.336475 -6.386223
v  0.924044 -0.627647 7.060158
v  3.127192 0.237682 9.186646
v  0.412135 0.993378 16.170296
v  -3.153468 0.762459 -11.354095
v  1.216244 0.988815 14.419540
v  -2.023744 1.285358 -9.893890
v  1.518024 1.119190 16.299744
v  -0.408123 -0.718388 -1.359558
v  0.631143 -0.931210 1.029945
v  -2.410182 1.919857 -13.097778
v  -1.490399 -1.658573 -14.523911
v  -6.008781 -0.279476 -14.857941
v  -5.896485 -0.763367 -14.827499
v  -5.578784 -1.465374 -14.822693
v  -1.018628 1.031979 -11.778458
v  -0.870163 0.960163 -10.866318
v  -1.425261 0.396610 -4.200119
v  -2.205842 -2.184875 -15.172089
v  -1.620026 -1.131451 -12.523865
v  1.630432 1.052059 14.234116
v  4.537195 0.504704 15.841934
v  -3.901692 1.958664 -13.871857
v  -3.959383 -0.891155 -12.021057
v  -3.723011 -0.979168 -12.056534
v  5.828753 1.304199 14.995209
v  -4.004104 -0.641380 -11.816605
v  1.920654 0.260654 16.847733
v  1.731682 0.406857 16.614807
v  -4.155812 1.756653 -13.746429
v  0.307762 0.914276 -4.497963
v  5.026384 0.816177 13.969925
v  0.076256 0.750107 15.974808
v  -3.627951 0.892498 -12.346466
v  -3.985695 1.963909 -15.841736
v  -1.040093 -0.444324 -16.094421
v  0.973490 0.719090 -1.600464
v  -1.136986 1.114960 -12.815521
v  2.323992 1.589031 15.296951
v  4.813835 0.466347 13.590340
v  2.732046 0.902744 16.486809
v  2.655949 0.895039 12.799538
v  2.252966 0.289257 14.285286
v  -1.877672 -0.919983 -10.188477
v  -0.982430 -0.843025 -14.329239
v  -1.080432 -0.624989 -13.121124
v  -0.106339 -0.832706 -1.341194
v  -3.375855 -0.631725 -11.149597
v  -3.130654 -0.178082 -17.181595
v  2.194445 0.995529 14.516602
v  -1.964594 1.414181 -11.583252
v  -5.313151 0.544006 -13.172852
v  -4.755788 0.674484 -12.890411
v  -1.330855 -0.851772 -12.269318
v  -2.544120 0.741444 -16.972580
v  2.063423 0.848431 13.412437
v  -2.901997 0.155544 -9.580925
v  -3.041864 0.186642 -10.089737
v  -0.527759 -0.610912 -1.087280
v  5.879562 0.395275 15.429985
v  -0.699931 -0.073734 -10.397522
v  6.023232 1.051838 15.038818
v  0.353213 0.712322 14.999947
v  5.783728 0.503368 14.083733
v  -6.015724 0.356915 -14.869308
v  4.413660 0.397884 13.124298
v  -1.029550 0.785885 -3.551109
v  0.391876 -0.669239 -1.666664
v  1.373083 1.289898 15.144951
v  5.996334 0.545776 14.565506
v  -3.507679 0.225712 -11.217850
v  4.610939 -0.675854 13.060463
v  4.492607 -0.585209 12.505264
v  1.532402 -0.711601 8.901695
v  -0.270801 0.297668 2.160088
v  5.590700 -0.034725 13.840782
v  3.495255 -0.649548 10.122452
v  -3.887396 -2.463865 -15.220749
v  -2.187244 -2.178911 -15.454407
v  -5.442611 -1.535378 -15.355026
v  -3.040022 2.198513 -15.595627
v  4.145967 -0.457153 14.752548
v  -3.713918 -2.269592 -15.950623
v  -0.117678 0.163853 -7.635132
v  -1.780190 1.223164 -8.956284
v  2.343206 -0.683025 10.248192
v  -0.112067 1.018650 -6.301231
v  -3.393937 -1.490932 -13.003403
v  0.658291 -0.384075 7.024864
v  0.727738 -0.463875 7.069107
v  -5.171350 -0.422943 -12.824219
v  0.260840 0.380402 15.309662
v  0.984797 0.512341 7.079399
v  -3.184889 1.306881 -12.227112
v  -0.155366 1.037708 -0.317741
v  -4.644720 -2.043381 -13.803116
v  -4.408281 -1.914486 -13.450790
v  1.816244 -0.806198 4.039047
v  2.155077 -0.756313 5.267532
v  -5.348567 -1.339367 -13.607269
v  1.061188 1.120525 15.737587
v  -1.857736 1.381634 -14.522751
v  -0.955033 0.715054 -14.938263
v  1.891199 0.184486 15.152763
v  -1.709016 0.790939 -6.346962
v  -1.704306 1.337437 -13.439392
v  -5.790030 -0.380062 -15.664642
v  4.499952 -0.366108 15.474510
v  1.258982 0.049015 11.396667
v  3.460644 0.622242 11.301796
v  3.287191 0.489368 10.370506
v  -2.919537 -0.143017 -9.548126
v  -1.765901 -1.745045 -16.142868
v  2.678949 0.436024 16.451797
v  -3.168818 -0.734379 -11.155182
v  -3.135734 -0.639042 -10.829010
v  -1.465694 -1.531998 -14.066238
v  3.471062 0.112629 14.379875
v  -4.795115 1.738472 -15.800598
v  3.371132 0.828098 11.798729
v  4.641285 0.749752 15.757309
v  -5.448891 1.460072 -14.340286
v  -6.022733 0.167568 -14.291351
v  0.403623 0.891178 16.321571
v  0.356067 0.394310 4.579353
v  4.114622 -0.495892 11.663574
v  -2.288342 0.921322 -16.908478
v  5.366083 1.041180 14.195084
v  1.347595 0.255489 12.030251
v  2.870737 1.414471 15.072723
v  5.720049 -0.093540 14.264832
v  -1.089143 0.078613 -16.248398
v  -1.248237 0.229256 -3.089638
v  1.817600 1.794331 15.368073
v  3.696941 -0.375851 13.771400
v  3.336494 -0.247990 13.468239
v  4.507929 -0.756336 13.684494
v  0.046192 0.182190 3.860832
v  -5.844257 0.203060 -13.718002
v  -3.637877 -2.121273 -16.226639
v  -3.370742 -2.160242 -16.110153
v  1.754696 0.854233 6.921700
v  -5.712815 -1.163532 -15.087234
v  5.905411 0.760483 15.525826
v  2.881338 0.627979 9.354950
v  2.564573 0.711781 8.357117
v  5.773647 0.889435 15.626938
v  5.012348 0.227612 13.422752
v  2.297123 0.398434 14.511414
v  2.445982 0.223083 14.084839
v  2.160400 0.019539 13.948715
v  -0.295737 1.253639 -5.280785
v  1.255693 0.929089 16.267036
v  0.277102 -0.436623 4.491371
v  1.812771 -0.104198 14.010719
v  1.767218 0.080669 14.549744
v  4.776276 1.226398 15.405220
v  3.847805 0.658813 12.820518
v  4.119955 0.543957 13.109764
v  -4.663011 -2.147015 -14.074997
v  -1.519369 -1.657963 -15.801254
v  -1.342685 -1.363499 -15.927948
v  -1.228612 -1.087574 -16.043427
v  -1.655812 -0.234028 -5.104195
v  -1.217084 0.806545 -15.994614
v  1.127804 -0.737389 6.573212
v  -1.366460 1.176517 -15.557266
v  -1.262984 1.180241 -14.966599
v  -3.539005 2.414730 -15.035507
v  -2.911067 -1.714645 -16.566452
v  -0.494583 -0.739674 -6.358429
v  -0.972896 -0.823093 -8.777084
v  3.784756 -0.328884 15.259850
v  3.971767 1.062485 14.350502
v  -0.007005 -0.671787 1.953606
v  0.592808 -0.803516 -0.076485
v  1.114733 -0.925438 2.277061
v  -6.033336 0.106606 -14.867554
v  1.569860 0.360844 16.395714
v  2.023163 0.843681 6.760887
v  4.067656 0.596489 13.562080
v  -5.069312 1.005291 -13.375427
v  -3.811109 1.593948 -13.382462
v  -1.763587 1.362301 -15.772781
v  -5.923742 0.574810 -15.139389
v  -5.807442 0.936825 -15.086945
v  1.719976 0.618103 16.665886
v  4.816711 1.008038 15.640083
v  -1.018306 0.873268 -13.254181
v  1.299877 0.018475 15.358131
v  4.996256 -0.281620 13.199104
v  1.623665 1.405209 14.941467
v  -2.951888 0.614468 -10.553909
v  -4.220057 -2.155701 -13.799500
v  -4.003901 -2.356232 -14.237610
v  -2.525200 1.568661 -11.822922
v  1.822191 0.436916 3.090080
v  -1.781056 -1.008411 -16.667618
v  -0.719333 -0.597233 -2.076546
v  -5.126179 -1.128380 -16.309967
v  0.243058 -0.291557 -4.700165
v  -0.551914 1.220238 -5.276138
v  -0.823760 -0.001614 -15.204483
v  1.789845 1.874413 16.429001
v  -4.655291 -2.225786 -14.351013
v  0.335476 1.239296 -0.548546
v  -4.949224 -2.073689 -14.403885
v  0.360560 1.261658 -1.088348
v  -2.996076 1.204685 -16.681137
v  -4.157924 -0.802696 -12.066025
v  -0.307904 1.222595 -4.192986
v  0.524781 0.375362 16.479744
v  -3.992682 1.413399 -16.589081
v  -1.279958 -0.824448 -6.562538
v  3.893852 -0.222813 11.280815
v  2.867229 -0.884010 9.023521
v  -3.197570 -1.049210 -12.187119
v  -2.330897 -1.199390 -12.313919
v  -3.696686 1.180870 -12.814133
v  -3.887411 1.290600 -13.117630
v  -2.625153 0.069977 -8.460564
v  2.694805 -0.542751 7.362015
v  4.030424 -0.470314 14.301826
v  3.618328 -0.724873 10.654854
v  0.891299 -0.680874 0.491417
v  2.668081 -0.117771 15.528915
v  -4.950644 -0.106327 -12.579834
v  -1.153392 0.668858 -3.634087
v  0.278877 0.955158 15.623909
v  0.635834 0.381126 6.019196
v  3.700993 1.329304 14.717140
v  -5.957255 0.190166 -14.002090
v  -0.224839 -0.341476 2.273598
v  -0.852204 -0.454075 -2.017296
v  0.894538 0.911579 -1.560791
v  -2.506651 -2.078106 -14.342667
v  1.525749 -0.398602 1.927841
v  2.602722 1.592960 15.575760
v  -1.114656 0.600800 -15.987350
v  -1.116282 0.863941 -15.561737
v  -5.234206 -1.844532 -14.429199
v  0.068546 0.045937 4.170387
v  1.126825 0.221199 13.435043
v  -2.250714 1.043312 -16.799530
v  -3.305896 2.347942 -15.387939
v  3.849543 0.675407 13.276337
v  1.764196 0.743305 10.283058
v  1.987841 -0.449337 12.175575
v  -5.170870 0.333210 -12.929855
v  2.063217 1.655933 16.828987
v  -4.005410 0.630287 -12.321655
v  2.927689 0.933350 16.268677
v  -3.766316 0.631035 -17.050491
v  -0.897702 0.819668 -11.505722
v  3.344835 0.182034 14.577660
v  4.060331 0.815136 14.140739
v  3.899055 0.773941 13.851204
v  -2.585791 2.111370 -13.554474
v  0.208407 0.408817 16.200226
v  -3.400311 2.113926 -13.623352
v  1.614332 1.380672 16.315575
v  -2.371847 1.855900 -15.263763
v  -2.515190 2.071072 -15.216446
v  2.631485 0.882462 14.455856
v  -5.545457 -0.890003 -15.879089
v  -3.642780 -0.847927 -11.774399
v  0.466377 -0.900211 2.197906
v  0.350069 -0.905746 1.257355
v  0.836989 0.343838 14.153664
v  -4.503844 0.004902 -16.961044
v  3.302330 -0.226578 15.374672
v  -1.639165 -0.412651 -5.559708
v  -0.681087 1.258427 -7.870346
v  -1.095730 1.324154 -9.347298
v  1.729374 0.036533 15.526192
v  -1.890625 -0.244053 -6.173882
v  -2.784606 2.304676 -14.217422
v  -1.094162 -1.162113 -14.777130
v  -1.267056 -1.433243 -15.151733
v  0.875703 0.024525 15.701172
v  -3.773192 0.299942 -17.128265
v  -4.232211 -2.271078 -14.058670
v  -0.747622 -0.076778 -0.571655
v  -3.948043 -2.463852 -14.738937
v  1.105942 0.056023 13.729141
v  2.847528 0.810646 10.128777
v  -5.140199 0.560318 -16.470642
v  -5.916742 0.045029 -15.413544
v  -3.134003 2.320301 -13.880981
v  4.412539 1.296162 15.175331
v  2.403666 0.900188 12.187775
v  3.191626 0.989799 13.952667
v  3.947590 1.323868 14.721786
v  3.154951 1.359947 15.678177
v  -5.411145 -1.224010 -15.850677
v  3.588520 -0.254272 10.273453
v  3.777889 -0.107441 11.034622
v  -0.904226 -0.093796 -15.722900
v  0.550887 0.124599 15.430466
v  -2.034426 1.440250 -15.225784
v  1.972454 0.390587 17.038849
v  -5.514768 0.779442 -13.523560
v  -5.196337 0.864670 -13.329788
v  1.549183 0.336319 1.040489
v  1.895573 -0.345707 12.907524
v  -5.769673 0.628845 -13.749283
v  1.150269 0.961346 0.515678
v  2.068348 -0.730297 9.383789
v  -0.818737 -0.196934 -14.484894
v  3.943720 -0.403980 11.281563
v  -5.095854 -0.671829 -12.816971
v  -2.699897 2.288376 -14.634262
v  1.976612 0.017391 16.277191
v  -2.348704 -0.907738 -11.059967
v  2.484093 -0.566586 11.402802
v  -2.008561 1.499123 -13.190292
v  2.342093 0.856335 8.874931
v  2.215664 1.225277 17.018021
v  -1.002393 -0.828999 -15.572113
v  0.677996 -0.598911 -0.640434
v  -1.868228 -1.338055 -16.544266
v  -1.099122 -0.915665 -15.886520
v  2.296186 1.449100 15.093208
v  -5.975699 0.624390 -14.587280
v  -5.951356 0.639179 -14.303070
v  0.476384 1.062588 15.783524
v  5.776560 1.317188 14.796188
v  2.278179 0.827736 13.275299
v  1.356041 0.297741 11.508415
v  0.590541 1.225025 -0.864113
v  3.235001 1.158669 15.906929
v  3.083038 1.251991 15.902092
v  2.804785 -0.651012 11.121025
v  3.302862 -0.582317 12.444046
v  1.683136 0.806671 16.617226
v  0.762076 0.043133 15.478165
v  -5.428672 -0.764118 -16.124725
v  -5.025038 -1.462337 -13.317719
v  -5.855743 0.546223 -15.399582
v  -1.320838 1.267788 -14.323868
v  3.459406 -0.246235 13.625122
v  -1.850883 0.665783 -6.462196
v  -4.091332 -0.127308 -11.769379
v  2.249149 -0.190247 13.439377
v  2.449760 -0.361877 12.684113
v  -2.337601 -1.785240 -16.326553
v  1.471088 0.287518 16.322327
v  -0.935238 -0.129810 -13.007965
v  -0.941262 -0.271011 -13.391464
v  -5.135938 1.744968 -15.195572
v  -3.089293 -0.070385 -10.050186
v  -4.867649 -1.585926 -13.305115
v  -1.199968 0.559566 -16.221375
v  -1.348118 -1.090080 -13.208633
v  -3.066113 -2.334902 -14.874619
v  1.843458 1.052700 17.071472
v  -5.703179 0.544201 -15.758942
v  -1.945774 -1.150387 -12.172760
v  2.750216 1.534218 15.679222
v  1.314320 -0.217789 11.463409
v  4.672110 -0.059204 12.870895
v  1.382587 0.623123 13.442917
v  -3.683599 2.376678 -14.723236
v  -3.054589 -1.368610 -12.833450
v  3.800293 -0.223511 14.791931
v  3.183300 0.078423 13.906456
v  1.830479 1.973057 15.915436
v  1.961386 1.944416 15.818855
v  -0.876559 0.500057 -14.773819
v  -1.820956 1.163563 -16.386856
v  -1.513548 1.141224 -16.041321
v  -3.670707 -0.594242 -11.455109
v  0.491206 0.745113 16.486160
v  -0.140572 -0.840981 -2.712952
v  -0.620989 -0.871723 -4.509239
v  4.601902 1.321285 15.036880
v  4.555470 1.299942 14.873337
v  1.387148 1.026821 16.236626
v  4.908007 0.243374 15.810760
v  -4.978366 0.123253 -16.689148
v  -0.873478 -0.779385 -4.307526
v  0.155269 0.088238 -6.075562
v  1.037481 0.661388 6.162720
v  -5.217045 -1.552864 -15.838669
v  -0.206264 -0.729824 -4.736710
v  -5.371370 -0.026054 -16.346756
v  -2.003716 -1.297321 -12.611893
v  -2.569212 -0.171780 -8.393402
v  -5.972967 0.327801 -15.144821
v  -5.126958 1.781288 -14.619980
v  0.228314 0.512531 15.209686
v  -2.770491 2.124935 -13.337524
# 1810 vertices

vt 0.000000 0.000000 0.000000
# 1 texture coords

o Humerus
g Humerus
usemtl default
f 637/1 69/1 269/1 
f 1007/1 1524/1 1353/1 
f 1464/1 1463/1 756/1 
f 277/1 602/1 588/1 
f 522/1 408/1 337/1 
f 783/1 1400/1 250/1 
f 1041/1 465/1 1210/1 
f 661/1 1235/1 341/1 
f 1238/1 744/1 1183/1 
f 1097/1 534/1 1628/1 
f 1392/1 1312/1 498/1 
f 1492/1 736/1 1384/1 
f 1133/1 197/1 1525/1 
f 1247/1 423/1 700/1 
f 242/1 1029/1 212/1 
f 113/1 1366/1 557/1 
f 1163/1 828/1 1433/1 
f 1020/1 441/1 1077/1 
f 624/1 1593/1 1101/1 
f 1378/1 1506/1 1035/1 
f 452/1 1526/1 1019/1 
f 274/1 569/1 563/1 
f 458/1 14/1 1053/1 
f 30/1 901/1 1236/1 
f 306/1 493/1 674/1 
f 283/1 681/1 580/1 
f 1462/1 12/1 272/1 
f 1803/1 501/1 849/1 
f 229/1 391/1 1806/1 
f 1246/1 1335/1 1414/1 
f 1254/1 1268/1 389/1 
f 1749/1 19/1 811/1 
f 993/1 238/1 99/1 
f 834/1 798/1 1649/1 
f 859/1 1717/1 556/1 
f 8/1 496/1 1741/1 
f 733/1 1302/1 962/1 
f 333/1 963/1 39/1 
f 191/1 699/1 913/1 
f 1207/1 227/1 1760/1 
f 1260/1 935/1 1519/1 
f 288/1 162/1 1200/1 
f 968/1 1369/1 46/1 
f 1481/1 1118/1 18/1 
f 148/1 25/1 488/1 
f 277/1 588/1 270/1 
f 659/1 386/1 445/1 
f 53/1 371/1 232/1 
f 76/1 1049/1 597/1 
f 80/1 880/1 1600/1 
f 1285/1 182/1 472/1 
f 1043/1 74/1 52/1 
f 1012/1 1491/1 1094/1 
f 1751/1 199/1 532/1 
f 1714/1 1317/1 600/1 
f 1642/1 654/1 1495/1 
f 811/1 19/1 1143/1 
f 1331/1 1171/1 884/1 
f 867/1 309/1 1326/1 
f 1488/1 1001/1 65/1 
f 559/1 727/1 6/1 
f 1301/1 945/1 63/1 
f 1408/1 1117/1 1526/1 
f 739/1 166/1 994/1 
f 68/1 137/1 171/1 
f 1474/1 979/1 1746/1 
f 797/1 1741/1 496/1 
f 1315/1 75/1 83/1 
f 27/1 418/1 544/1 
f 643/1 828/1 1163/1 
f 223/1 804/1 1039/1 
f 868/1 104/1 253/1 
f 247/1 1535/1 161/1 
f 874/1 1248/1 12/1 
f 1138/1 280/1 923/1 
f 59/1 1006/1 928/1 
f 279/1 476/1 655/1 
f 1131/1 1717/1 155/1 
f 318/1 1568/1 769/1 
f 1138/1 923/1 1023/1 
f 1515/1 407/1 1367/1 
f 144/1 892/1 1239/1 
f 1007/1 1353/1 330/1 
f 537/1 1195/1 1358/1 
f 312/1 1524/1 44/1 
f 159/1 475/1 1073/1 
f 596/1 1648/1 991/1 
f 62/1 495/1 653/1 
f 1216/1 56/1 286/1 
f 1169/1 1582/1 832/1 
f 1781/1 294/1 1287/1 
f 5/1 656/1 133/1 
f 485/1 491/1 1079/1 
f 795/1 492/1 1391/1 
f 908/1 1132/1 469/1 
f 760/1 1774/1 170/1 
f 548/1 472/1 226/1 
f 460/1 298/1 990/1 
f 1291/1 695/1 1042/1 
f 226/1 1180/1 548/1 
f 886/1 1740/1 1737/1 
f 1172/1 1621/1 1716/1 
f 850/1 1576/1 971/1 
f 438/1 1592/1 230/1 
f 1810/1 1110/1 1341/1 
f 330/1 702/1 355/1 
f 1027/1 1639/1 229/1 
f 1417/1 1416/1 304/1 
f 308/1 57/1 435/1 
f 1234/1 813/1 252/1 
f 393/1 992/1 886/1 
f 1187/1 164/1 1/1 
f 1666/1 59/1 928/1 
f 1148/1 357/1 635/1 
f 159/1 483/1 665/1 
f 827/1 463/1 1258/1 
f 1416/1 1645/1 304/1 
f 202/1 1557/1 1650/1 
f 1252/1 860/1 499/1 
f 1211/1 314/1 228/1 
f 1193/1 717/1 887/1 
f 608/1 417/1 876/1 
f 1689/1 211/1 1644/1 
f 97/1 1217/1 772/1 
f 1332/1 680/1 157/1 
f 354/1 1396/1 1440/1 
f 477/1 394/1 478/1 
f 243/1 1460/1 1142/1 
f 424/1 145/1 554/1 
f 1629/1 882/1 246/1 
f 606/1 1118/1 1481/1 
f 49/1 1610/1 1096/1 
f 161/1 1535/1 1058/1 
f 395/1 1198/1 691/1 
f 916/1 959/1 861/1 
f 1636/1 965/1 1354/1 
f 1595/1 877/1 1283/1 
f 1686/1 1345/1 1465/1 
f 1251/1 278/1 1088/1 
f 84/1 1376/1 1219/1 
f 1305/1 586/1 1170/1 
f 1289/1 658/1 1489/1 
f 287/1 551/1 325/1 
f 464/1 325/1 28/1 
f 799/1 256/1 1786/1 
f 1083/1 469/1 1132/1 
f 489/1 1706/1 413/1 
f 263/1 130/1 1596/1 
f 287/1 77/1 551/1 
f 746/1 204/1 745/1 
f 1575/1 82/1 982/1 
f 866/1 1114/1 1257/1 
f 1443/1 70/1 1635/1 
f 1628/1 534/1 1442/1 
f 1214/1 1540/1 948/1 
f 143/1 863/1 1287/1 
f 422/1 380/1 81/1 
f 585/1 732/1 1281/1 
f 1061/1 82/1 1575/1 
f 1075/1 995/1 996/1 
f 172/1 192/1 1051/1 
f 1079/1 491/1 1215/1 
f 1647/1 180/1 538/1 
f 644/1 1451/1 403/1 
f 1193/1 196/1 1063/1 
f 1498/1 939/1 319/1 
f 1582/1 1124/1 832/1 
f 1799/1 758/1 952/1 
f 1123/1 1136/1 934/1 
f 899/1 900/1 654/1 
f 1393/1 88/1 266/1 
f 1419/1 39/1 1104/1 
f 846/1 997/1 636/1 
f 1438/1 1221/1 924/1 
f 252/1 981/1 1299/1 
f 1071/1 383/1 1030/1 
f 761/1 801/1 933/1 
f 1758/1 515/1 107/1 
f 668/1 1442/1 1684/1 
f 286/1 56/1 149/1 
f 967/1 1202/1 930/1 
f 1686/1 1465/1 802/1 
f 777/1 357/1 1148/1 
f 1370/1 1420/1 599/1 
f 26/1 666/1 132/1 
f 1671/1 379/1 1297/1 
f 1387/1 434/1 1518/1 
f 1292/1 1344/1 1084/1 
f 97/1 1395/1 1217/1 
f 549/1 1608/1 41/1 
f 1207/1 1760/1 1523/1 
f 1234/1 1646/1 813/1 
f 1262/1 443/1 1549/1 
f 129/1 614/1 774/1 
f 1342/1 1449/1 494/1 
f 1456/1 107/1 515/1 
f 625/1 1578/1 1514/1 
f 43/1 1041/1 728/1 
f 844/1 649/1 1371/1 
f 416/1 1159/1 1439/1 
f 819/1 203/1 536/1 
f 1111/1 818/1 419/1 
f 1067/1 401/1 684/1 
f 1804/1 1300/1 803/1 
f 1194/1 1351/1 105/1 
f 934/1 183/1 646/1 
f 1257/1 712/1 866/1 
f 850/1 1664/1 1576/1 
f 1658/1 730/1 943/1 
f 91/1 1521/1 359/1 
f 865/1 1111/1 1024/1 
f 1117/1 673/1 1212/1 
f 1077/1 441/1 722/1 
f 564/1 395/1 773/1 
f 1050/1 1485/1 847/1 
f 879/1 594/1 968/1 
f 1794/1 632/1 1031/1 
f 168/1 1229/1 1151/1 
f 767/1 1146/1 672/1 
f 851/1 262/1 622/1 
f 267/1 408/1 268/1 
f 387/1 385/1 1120/1 
f 593/1 367/1 1304/1 
f 799/1 950/1 1656/1 
f 1220/1 653/1 115/1 
f 1508/1 698/1 1370/1 
f 106/1 1033/1 1091/1 
f 1140/1 1566/1 238/1 
f 1404/1 117/1 651/1 
f 471/1 22/1 331/1 
f 118/1 1428/1 759/1 
f 927/1 1248/1 1249/1 
f 416/1 1424/1 1159/1 
f 235/1 328/1 752/1 
f 1194/1 1045/1 1351/1 
f 852/1 325/1 464/1 
f 121/1 661/1 341/1 
f 1417/1 304/1 1382/1 
f 771/1 1550/1 530/1 
f 956/1 1040/1 607/1 
f 1208/1 361/1 1805/1 
f 70/1 1636/1 1635/1 
f 124/1 1553/1 1641/1 
f 955/1 1373/1 1784/1 
f 1504/1 1751/1 1733/1 
f 1373/1 1554/1 1784/1 
f 434/1 977/1 1518/1 
f 527/1 1659/1 555/1 
f 451/1 603/1 33/1 
f 1192/1 216/1 1338/1 
f 542/1 127/1 871/1 
f 822/1 1206/1 500/1 
f 598/1 1094/1 1491/1 
f 1042/1 54/1 894/1 
f 1807/1 1596/1 1483/1 
f 770/1 1256/1 1255/1 
f 409/1 131/1 667/1 
f 7/1 1453/1 907/1 
f 483/1 1662/1 95/1 
f 801/1 940/1 60/1 
f 620/1 55/1 1614/1 
f 1029/1 617/1 1512/1 
f 1375/1 1710/1 134/1 
f 591/1 806/1 1675/1 
f 1107/1 224/1 1168/1 
f 338/1 186/1 707/1 
f 725/1 720/1 1161/1 
f 1161/1 1298/1 725/1 
f 1371/1 137/1 68/1 
f 651/1 117/1 1665/1 
f 527/1 892/1 144/1 
f 139/1 292/1 196/1 
f 139/1 1276/1 292/1 
f 978/1 1338/1 382/1 
f 486/1 715/1 1564/1 
f 694/1 1015/1 480/1 
f 239/1 1544/1 634/1 
f 1714/1 600/1 883/1 
f 775/1 753/1 173/1 
f 203/1 1109/1 103/1 
f 1363/1 912/1 1808/1 
f 1244/1 410/1 1768/1 
f 625/1 1514/1 126/1 
f 1273/1 807/1 1231/1 
f 424/1 67/1 145/1 
f 307/1 911/1 716/1 
f 384/1 576/1 796/1 
f 236/1 986/1 605/1 
f 693/1 147/1 677/1 
f 724/1 449/1 1401/1 
f 580/1 289/1 1274/1 
f 610/1 578/1 970/1 
f 1401/1 449/1 332/1 
f 1010/1 615/1 1732/1 
f 64/1 1217/1 1395/1 
f 1731/1 1036/1 504/1 
f 462/1 125/1 835/1 
f 1181/1 1407/1 809/1 
f 160/1 1727/1 1157/1 
f 428/1 1716/1 1621/1 
f 700/1 541/1 425/1 
f 1120/1 701/1 985/1 
f 154/1 1084/1 336/1 
f 854/1 456/1 61/1 
f 778/1 430/1 1809/1 
f 550/1 431/1 1661/1 
f 698/1 1101/1 697/1 
f 967/1 652/1 1202/1 
f 1014/1 1002/1 679/1 
f 1075/1 579/1 995/1 
f 241/1 322/1 158/1 
f 33/1 603/1 1089/1 
f 1048/1 1680/1 750/1 
f 958/1 570/1 751/1 
f 160/1 1157/1 1158/1 
f 578/1 878/1 922/1 
f 1221/1 1472/1 924/1 
f 637/1 269/1 816/1 
f 1237/1 1357/1 842/1 
f 1542/1 1087/1 1791/1 
f 187/1 690/1 631/1 
f 906/1 455/1 630/1 
f 1032/1 58/1 479/1 
f 830/1 158/1 322/1 
f 346/1 165/1 1389/1 
f 545/1 324/1 480/1 
f 739/1 1106/1 166/1 
f 795/1 709/1 492/1 
f 361/1 1340/1 836/1 
f 564/1 773/1 109/1 
f 293/1 168/1 1368/1 
f 1171/1 1119/1 1546/1 
f 170/1 36/1 169/1 
f 83/1 75/1 297/1 
f 553/1 220/1 1130/1 
f 169/1 612/1 1280/1 
f 171/1 137/1 188/1 
f 1527/1 1265/1 789/1 
f 172/1 1051/1 81/1 
f 81/1 1275/1 172/1 
f 103/1 1555/1 1334/1 
f 1490/1 273/1 358/1 
f 764/1 1705/1 38/1 
f 1775/1 597/1 764/1 
f 563/1 1655/1 381/1 
f 1517/1 1393/1 1016/1 
f 102/1 176/1 1339/1 
f 825/1 416/1 1439/1 
f 1077/1 1773/1 1328/1 
f 101/1 662/1 608/1 
f 647/1 265/1 1224/1 
f 633/1 1327/1 1478/1 
f 593/1 1304/1 1418/1 
f 696/1 639/1 1795/1 
f 688/1 521/1 889/1 
f 778/1 1809/1 310/1 
f 777/1 34/1 1266/1 
f 303/1 683/1 1574/1 
f 1564/1 28/1 1226/1 
f 1191/1 204/1 746/1 
f 1269/1 1194/1 1640/1 
f 397/1 398/1 980/1 
f 678/1 370/1 1591/1 
f 1023/1 1783/1 351/1 
f 912/1 567/1 1808/1 
f 531/1 770/1 1255/1 
f 537/1 533/1 1195/1 
f 1298/1 136/1 1505/1 
f 1652/1 1124/1 376/1 
f 1223/1 1477/1 156/1 
f 400/1 947/1 1747/1 
f 1362/1 383/1 1071/1 
f 40/1 1568/1 318/1 
f 1522/1 655/1 1059/1 
f 146/1 249/1 2/1 
f 1359/1 1330/1 1329/1 
f 191/1 573/1 1503/1 
f 1090/1 1325/1 1199/1 
f 354/1 497/1 1396/1 
f 1098/1 1230/1 1459/1 
f 1469/1 55/1 620/1 
f 1057/1 1429/1 1154/1 
f 545/1 194/1 324/1 
f 74/1 1026/1 1529/1 
f 826/1 195/1 1184/1 
f 589/1 827/1 270/1 
f 1324/1 619/1 85/1 
f 138/1 939/1 1498/1 
f 363/1 1618/1 1060/1 
f 490/1 1802/1 1713/1 
f 426/1 1384/1 736/1 
f 705/1 199/1 1751/1 
f 931/1 1156/1 198/1 
f 646/1 183/1 900/1 
f 1014/1 679/1 78/1 
f 1745/1 290/1 983/1 
f 1259/1 1385/1 131/1 
f 743/1 1296/1 1297/1 
f 202/1 1650/1 540/1 
f 1084/1 96/1 336/1 
f 142/1 1323/1 370/1 
f 585/1 13/1 732/1 
f 1191/1 1150/1 204/1 
f 723/1 533/1 537/1 
f 205/1 377/1 848/1 
f 459/1 16/1 406/1 
f 205/1 848/1 440/1 
f 1738/1 998/1 1643/1 
f 207/1 1076/1 1306/1 
f 93/1 599/1 1420/1 
f 1167/1 208/1 306/1 
f 88/1 629/1 421/1 
f 446/1 629/1 88/1 
f 1738/1 1377/1 998/1 
f 1294/1 872/1 369/1 
f 1204/1 571/1 919/1 
f 211/1 915/1 1644/1 
f 64/1 738/1 1036/1 
f 255/1 212/1 616/1 
f 1448/1 815/1 508/1 
f 213/1 72/1 1000/1 
f 1630/1 664/1 821/1 
f 879/1 1225/1 594/1 
f 1312/1 1409/1 498/1 
f 643/1 1431/1 1432/1 
f 1525/1 988/1 676/1 
f 1184/1 195/1 500/1 
f 258/1 128/1 420/1 
f 1115/1 217/1 481/1 
f 1312/1 1624/1 1409/1 
f 218/1 1567/1 627/1 
f 829/1 627/1 565/1 
f 1391/1 1774/1 760/1 
f 1376/1 1571/1 1219/1 
f 612/1 689/1 553/1 
f 1139/1 429/1 1349/1 
f 1471/1 1721/1 339/1 
f 544/1 418/1 1065/1 
f 1698/1 181/1 686/1 
f 686/1 181/1 405/1 
f 223/1 379/1 1671/1 
f 542/1 897/1 127/1 
f 1672/1 225/1 289/1 
f 454/1 1121/1 338/1 
f 289/1 225/1 390/1 
f 333/1 838/1 21/1 
f 1404/1 651/1 604/1 
f 1746/1 243/1 1142/1 
f 973/1 415/1 227/1 
f 1475/1 1639/1 1027/1 
f 503/1 228/1 314/1 
f 1527/1 789/1 788/1 
f 905/1 468/1 1243/1 
f 675/1 1436/1 1551/1 
f 411/1 1348/1 593/1 
f 1711/1 1348/1 660/1 
f 231/1 525/1 70/1 
f 43/1 728/1 448/1 
f 53/1 232/1 316/1 
f 519/1 801/1 761/1 
f 495/1 233/1 350/1 
f 1572/1 1101/1 698/1 
f 234/1 35/1 375/1 
f 1744/1 562/1 932/1 
f 752/1 935/1 235/1 
f 1796/1 780/1 50/1 
f 1177/1 412/1 792/1 
f 699/1 384/1 796/1 
f 699/1 796/1 442/1 
f 435/1 57/1 484/1 
f 762/1 1566/1 116/1 
f 1331/1 1119/1 1171/1 
f 239/1 1263/1 513/1 
f 1140/1 238/1 993/1 
f 1100/1 240/1 190/1 
f 340/1 73/1 1086/1 
f 1740/1 241/1 122/1 
f 1454/1 1152/1 771/1 
f 1638/1 823/1 1637/1 
f 1452/1 1100/1 190/1 
f 1375/1 1388/1 1710/1 
f 1474/1 623/1 979/1 
f 244/1 1006/1 59/1 
f 369/1 872/1 777/1 
f 419/1 818/1 245/1 
f 1373/1 682/1 581/1 
f 554/1 145/1 734/1 
f 481/1 1748/1 470/1 
f 1805/1 361/1 836/1 
f 1805/1 836/1 669/1 
f 101/1 608/1 609/1 
f 1372/1 1700/1 1612/1 
f 249/1 1423/1 2/1 
f 1512/1 617/1 1025/1 
f 783/1 250/1 782/1 
f 474/1 233/1 251/1 
f 90/1 474/1 251/1 
f 1299/1 645/1 1493/1 
f 839/1 360/1 735/1 
f 1556/1 1493/1 1660/1 
f 185/1 410/1 253/1 
f 531/1 1052/1 1604/1 
f 504/1 1446/1 254/1 
f 772/1 1217/1 502/1 
f 255/1 509/1 1678/1 
f 671/1 1781/1 1287/1 
f 256/1 1785/1 1786/1 
f 1552/1 1610/1 49/1 
f 71/1 257/1 87/1 
f 118/1 1038/1 1428/1 
f 1238/1 1688/1 744/1 
f 1804/1 38/1 1300/1 
f 259/1 221/1 1316/1 
f 863/1 1126/1 48/1 
f 806/1 1674/1 1675/1 
f 925/1 106/1 1091/1 
f 1224/1 1478/1 647/1 
f 855/1 309/1 867/1 
f 1057/1 262/1 1676/1 
f 1810/1 1146/1 1707/1 
f 999/1 1218/1 11/1 
f 96/1 202/1 540/1 
f 1597/1 288/1 1200/1 
f 1765/1 502/1 150/1 
f 447/1 1001/1 1488/1 
f 993/1 99/1 1494/1 
f 901/1 511/1 1236/1 
f 1167/1 306/1 674/1 
f 267/1 337/1 408/1 
f 964/1 891/1 1314/1 
f 851/1 385/1 1730/1 
f 1680/1 113/1 750/1 
f 864/1 756/1 1767/1 
f 864/1 578/1 610/1 
f 463/1 566/1 1258/1 
f 362/1 60/1 940/1 
f 1055/1 820/1 1792/1 
f 1288/1 163/1 1793/1 
f 163/1 272/1 12/1 
f 906/1 630/1 1380/1 
f 899/1 1333/1 1634/1 
f 103/1 1334/1 898/1 
f 1595/1 1594/1 877/1 
f 546/1 877/1 1594/1 
f 275/1 1398/1 1397/1 
f 509/1 275/1 1397/1 
f 637/1 276/1 69/1 
f 974/1 691/1 1697/1 
f 771/1 956/1 1189/1 
f 53/1 1311/1 371/1 
f 1000/1 72/1 278/1 
f 1754/1 181/1 1698/1 
f 279/1 41/1 1608/1 
f 280/1 1309/1 345/1 
f 1522/1 1059/1 1005/1 
f 1005/1 1693/1 747/1 
f 925/1 1091/1 436/1 
f 457/1 302/1 54/1 
f 282/1 16/1 459/1 
f 1010/1 1732/1 595/1 
f 1144/1 1607/1 487/1 
f 1658/1 943/1 944/1 
f 1075/1 1002/1 579/1 
f 1327/1 380/1 1394/1 
f 822/1 1360/1 285/1 
f 559/1 1558/1 611/1 
f 286/1 904/1 47/1 
f 376/1 1690/1 1125/1 
f 1615/1 15/1 77/1 
f 901/1 1722/1 511/1 
f 219/1 523/1 706/1 
f 1426/1 523/1 219/1 
f 289/1 135/1 1672/1 
f 1144/1 1277/1 1607/1 
f 293/1 1368/1 290/1 
f 696/1 111/1 639/1 
f 1790/1 1466/1 1227/1 
f 854/1 784/1 456/1 
f 619/1 292/1 85/1 
f 892/1 662/1 1239/1 
f 1745/1 983/1 1444/1 
f 1332/1 1480/1 680/1 
f 143/1 1287/1 294/1 
f 700/1 423/1 541/1 
f 433/1 1190/1 193/1 
f 1028/1 1353/1 313/1 
f 844/1 1155/1 649/1 
f 1361/1 499/1 844/1 
f 297/1 1668/1 768/1 
f 329/1 1736/1 768/1 
f 188/1 990/1 298/1 
f 561/1 558/1 1070/1 
f 960/1 407/1 1515/1 
f 1372/1 1612/1 812/1 
f 1365/1 300/1 517/1 
f 1364/1 1009/1 1403/1 
f 300/1 1078/1 517/1 
f 838/1 427/1 970/1 
f 1337/1 54/1 302/1 
f 781/1 1609/1 1336/1 
f 1573/1 1762/1 303/1 
f 1573/1 303/1 1574/1 
f 1227/1 785/1 291/1 
f 586/1 1182/1 1170/1 
f 305/1 941/1 929/1 
f 1164/1 305/1 77/1 
f 1013/1 1342/1 494/1 
f 962/1 507/1 733/1 
f 191/1 911/1 307/1 
f 1325/1 1203/1 191/1 
f 942/1 1629/1 246/1 
f 1325/1 1620/1 1199/1 
f 1326/1 309/1 1003/1 
f 13/1 524/1 732/1 
f 688/1 889/1 976/1 
f 1074/1 180/1 1647/1 
f 1585/1 1264/1 1586/1 
f 621/1 1788/1 475/1 
f 4/1 312/1 44/1 
f 311/1 958/1 4/1 
f 313/1 45/1 1028/1 
f 312/1 1520/1 1524/1 
f 1211/1 1661/1 314/1 
f 1253/1 296/1 860/1 
f 315/1 342/1 1408/1 
f 315/1 3/1 1412/1 
f 316/1 232/1 1771/1 
f 91/1 359/1 574/1 
f 164/1 1187/1 1559/1 
f 949/1 876/1 417/1 
f 955/1 714/1 151/1 
f 1763/1 462/1 835/1 
f 197/1 988/1 1525/1 
f 1755/1 490/1 1683/1 
f 757/1 789/1 1778/1 
f 210/1 757/1 1778/1 
f 1791/1 1087/1 664/1 
f 288/1 642/1 162/1 
f 830/1 322/1 58/1 
f 1697/1 691/1 572/1 
f 323/1 1807/1 1483/1 
f 1604/1 1052/1 1008/1 
f 1704/1 140/1 165/1 
f 1092/1 1735/1 715/1 
f 120/1 287/1 786/1 
f 120/1 786/1 1173/1 
f 134/1 1710/1 1232/1 
f 834/1 394/1 798/1 
f 1356/1 1412/1 957/1 
f 1064/1 1670/1 467/1 
f 328/1 1487/1 234/1 
f 49/1 1096/1 908/1 
f 1037/1 36/1 810/1 
f 708/1 492/1 709/1 
f 330/1 1692/1 1196/1 
f 330/1 355/1 1072/1 
f 473/1 560/1 833/1 
f 1021/1 46/1 596/1 
f 1790/1 92/1 1466/1 
f 1533/1 861/1 885/1 
f 1166/1 356/1 963/1 
f 1479/1 1153/1 628/1 
f 334/1 1272/1 108/1 
f 865/1 818/1 1111/1 
f 156/1 1427/1 335/1 
f 1076/1 652/1 1306/1 
f 1509/1 1729/1 61/1 
f 534/1 1097/1 692/1 
f 267/1 1627/1 337/1 
f 666/1 95/1 132/1 
f 224/1 338/1 707/1 
f 224/1 1435/1 338/1 
f 1721/1 1720/1 339/1 
f 704/1 1344/1 1292/1 
f 823/1 1322/1 1669/1 
f 823/1 1100/1 1452/1 
f 755/1 1470/1 73/1 
f 755/1 73/1 340/1 
f 1241/1 342/1 737/1 
f 64/1 211/1 738/1 
f 22/1 765/1 1513/1 
f 1050/1 435/1 484/1 
f 1011/1 344/1 265/1 
f 951/1 1240/1 1270/1 
f 280/1 345/1 909/1 
f 915/1 510/1 1047/1 
f 1180/1 346/1 1389/1 
f 66/1 591/1 975/1 
f 1242/1 577/1 347/1 
f 783/1 1081/1 1400/1 
f 811/1 814/1 348/1 
f 368/1 1349/1 429/1 
f 559/1 1764/1 727/1 
f 1531/1 830/1 58/1 
f 350/1 1507/1 571/1 
f 350/1 1651/1 94/1 
f 938/1 184/1 351/1 
f 345/1 1309/1 1046/1 
f 334/1 352/1 1272/1 
f 1278/1 518/1 565/1 
f 1425/1 1177/1 792/1 
f 1176/1 1425/1 573/1 
f 354/1 1062/1 497/1 
f 1606/1 995/1 579/1 
f 355/1 702/1 353/1 
f 1176/1 1177/1 1425/1 
f 1318/1 356/1 1166/1 
f 1318/1 507/1 1502/1 
f 1266/1 405/1 1131/1 
f 1266/1 1131/1 155/1 
f 358/1 273/1 528/1 
f 634/1 1544/1 1728/1 
f 359/1 1787/1 25/1 
f 1279/1 1621/1 1157/1 
f 110/1 252/1 360/1 
f 594/1 1225/1 847/1 
f 1293/1 1340/1 361/1 
f 465/1 248/1 1017/1 
f 95/1 1545/1 132/1 
f 731/1 1261/1 566/1 
f 1301/1 258/1 945/1 
f 896/1 402/1 1238/1 
f 364/1 248/1 465/1 
f 101/1 609/1 520/1 
f 1201/1 1541/1 130/1 
f 323/1 1175/1 1742/1 
f 638/1 98/1 366/1 
f 1436/1 1242/1 347/1 
f 1656/1 1411/1 799/1 
f 394/1 477/1 1548/1 
f 893/1 1777/1 1222/1 
f 893/1 1411/1 1656/1 
f 369/1 777/1 320/1 
f 1415/1 1211/1 228/1 
f 13/1 370/1 524/1 
f 1212/1 673/1 370/1 
f 277/1 270/1 1213/1 
f 1258/1 566/1 1261/1 
f 1151/1 1229/1 372/1 
f 1310/1 200/1 372/1 
f 1387/1 373/1 862/1 
f 787/1 692/1 1097/1 
f 299/1 1367/1 1141/1 
f 1756/1 1518/1 977/1 
f 234/1 375/1 932/1 
f 119/1 606/1 1074/1 
f 376/1 690/1 187/1 
f 1477/1 1427/1 156/1 
f 626/1 89/1 1590/1 
f 1365/1 997/1 846/1 
f 101/1 520/1 378/1 
f 144/1 1239/1 1623/1 
f 223/1 1039/1 379/1 
f 1385/1 743/1 1160/1 
f 640/1 937/1 380/1 
f 937/1 1797/1 1275/1 
f 1393/1 918/1 1016/1 
f 1393/1 266/1 918/1 
f 382/1 611/1 1558/1 
f 382/1 1558/1 1501/1 
f 1362/1 657/1 383/1 
f 360/1 839/1 1543/1 
f 1359/1 1329/1 384/1 
f 1359/1 384/1 10/1 
f 985/1 701/1 1499/1 
f 659/1 1313/1 386/1 
f 701/1 386/1 1499/1 
f 851/1 1103/1 385/1 
f 385/1 387/1 1730/1 
f 1676/1 262/1 1695/1 
f 1069/1 388/1 1129/1 
f 388/1 1800/1 1302/1 
f 1254/1 389/1 1651/1 
f 94/1 1651/1 389/1 
f 578/1 922/1 970/1 
f 1479/1 21/1 1153/1 
f 391/1 1530/1 1806/1 
f 677/1 147/1 724/1 
f 392/1 1209/1 1208/1 
f 987/1 231/1 1782/1 
f 875/1 69/1 276/1 
f 1696/1 845/1 1463/1 
f 834/1 326/1 1018/1 
f 1018/1 326/1 650/1 
f 1068/1 875/1 276/1 
f 1430/1 1058/1 1535/1 
f 754/1 199/1 396/1 
f 1390/1 1634/1 1156/1 
f 587/1 989/1 1350/1 
f 900/1 1321/1 654/1 
f 989/1 398/1 1350/1 
f 1082/1 600/1 1317/1 
f 399/1 9/1 215/1 
f 413/1 1706/1 840/1 
f 558/1 1071/1 1070/1 
f 62/1 653/1 1220/1 
f 764/1 597/1 1705/1 
f 409/1 667/1 104/1 
f 896/1 1798/1 402/1 
f 1067/1 1798/1 401/1 
f 521/1 403/1 1451/1 
f 821/1 664/1 1087/1 
f 318/1 769/1 1762/1 
f 713/1 835/1 1108/1 
f 1266/1 1723/1 405/1 
f 1181/1 809/1 1723/1 
f 1364/1 406/1 1009/1 
f 1805/1 669/1 1776/1 
f 407/1 793/1 374/1 
f 79/1 719/1 1034/1 
f 268/1 408/1 969/1 
f 201/1 969/1 408/1 
f 409/1 104/1 868/1 
f 1259/1 7/1 726/1 
f 1244/1 1537/1 410/1 
f 1245/1 1259/1 868/1 
f 411/1 593/1 1708/1 
f 1794/1 179/1 632/1 
f 620/1 1614/1 412/1 
f 656/1 616/1 133/1 
f 1757/1 489/1 413/1 
f 1603/1 1757/1 413/1 
f 157/1 680/1 414/1 
f 284/1 640/1 1565/1 
f 146/1 1611/1 415/1 
f 1476/1 693/1 1769/1 
f 1424/1 416/1 936/1 
f 936/1 1780/1 860/1 
f 292/1 1276/1 1080/1 
f 85/1 292/1 1080/1 
f 418/1 365/1 37/1 
f 1742/1 1175/1 1174/1 
f 682/1 419/1 245/1 
f 1102/1 532/1 753/1 
f 420/1 128/1 500/1 
f 945/1 887/1 717/1 
f 88/1 421/1 266/1 
f 1167/1 1722/1 901/1 
f 1394/1 380/1 422/1 
f 178/1 261/1 855/1 
f 541/1 423/1 946/1 
f 1363/1 1244/1 1768/1 
f 1691/1 67/1 424/1 
f 721/1 1195/1 533/1 
f 1781/1 1587/1 294/1 
f 672/1 387/1 1120/1 
f 71/1 87/1 930/1 
f 931/1 1390/1 1156/1 
f 1186/1 301/1 427/1 
f 1221/1 816/1 1472/1 
f 1279/1 1157/1 1727/1 
f 845/1 756/1 1463/1 
f 1777/1 429/1 1222/1 
f 114/1 1315/1 83/1 
f 430/1 859/1 1510/1 
f 1267/1 859/1 635/1 
f 1687/1 1149/1 430/1 
f 430/1 1149/1 859/1 
f 332/1 432/1 687/1 
f 47/1 904/1 455/1 
f 1366/1 1190/1 433/1 
f 1734/1 557/1 1366/1 
f 766/1 11/1 1273/1 
f 1163/1 1433/1 555/1 
f 343/1 246/1 1355/1 
f 1355/1 214/1 765/1 
f 1484/1 457/1 54/1 
f 694/1 695/1 1015/1 
f 437/1 1279/1 1727/1 
f 837/1 428/1 1386/1 
f 866/1 438/1 1113/1 
f 106/1 910/1 1674/1 
f 439/1 1713/1 1802/1 
f 1498/1 619/1 1324/1 
f 759/1 820/1 118/1 
f 1056/1 1486/1 1320/1 
f 1020/1 1/1 441/1 
f 564/1 1198/1 395/1 
f 1178/1 484/1 57/1 
f 1179/1 716/1 911/1 
f 443/1 32/1 1549/1 
f 819/1 536/1 1094/1 
f 1351/1 120/1 1173/1 
f 1043/1 600/1 1421/1 
f 964/1 659/1 445/1 
f 159/1 570/1 475/1 
f 791/1 547/1 206/1 
f 1619/1 1105/1 1069/1 
f 1270/1 447/1 951/1 
f 99/1 238/1 1482/1 
f 1506/1 987/1 1782/1 
f 1035/1 1506/1 1034/1 
f 724/1 147/1 449/1 
f 1170/1 785/1 1227/1 
f 1311/1 450/1 371/1 
f 731/1 1022/1 1261/1 
f 451/1 1360/1 822/1 
f 1112/1 195/1 826/1 
f 452/1 1284/1 3/1 
f 315/1 1408/1 3/1 
f 453/1 257/1 71/1 
f 802/1 1085/1 1685/1 
f 1434/1 1456/1 515/1 
f 135/1 1434/1 1672/1 
f 455/1 904/1 903/1 
f 1414/1 455/1 1246/1 
f 1645/1 456/1 1383/1 
f 881/1 1128/1 1509/1 
f 1484/1 281/1 703/1 
f 281/1 116/1 1566/1 
f 458/1 1053/1 1598/1 
f 28/1 746/1 1226/1 
f 1054/1 377/1 205/1 
f 874/1 1054/1 1248/1 
f 117/1 1402/1 1665/1 
f 560/1 596/1 1801/1 
f 1319/1 42/1 461/1 
f 1752/1 1410/1 682/1 
f 42/1 125/1 462/1 
f 1181/1 1666/1 928/1 
f 463/1 26/1 566/1 
f 1699/1 824/1 897/1 
f 464/1 28/1 902/1 
f 545/1 1026/1 1563/1 
f 1654/1 1210/1 465/1 
f 1293/1 1654/1 465/1 
f 254/1 466/1 504/1 
f 1597/1 1605/1 1753/1 
f 794/1 327/1 1356/1 
f 663/1 1095/1 192/1 
f 227/1 468/1 905/1 
f 415/1 468/1 227/1 
f 49/1 908/1 469/1 
f 1130/1 220/1 1785/1 
f 1626/1 246/1 343/1 
f 734/1 1626/1 1748/1 
f 14/1 641/1 1053/1 
f 1413/1 833/1 776/1 
f 1053/1 1560/1 182/1 
f 51/1 1413/1 776/1 
f 473/1 471/1 331/1 
f 51/1 1392/1 1413/1 
f 1169/1 512/1 1122/1 
f 782/1 250/1 1701/1 
f 621/1 475/1 1602/1 
f 570/1 1602/1 475/1 
f 476/1 279/1 1608/1 
f 808/1 1137/1 686/1 
f 477/1 23/1 1548/1 
f 1741/1 797/1 1457/1 
f 478/1 8/1 843/1 
f 623/1 1233/1 979/1 
f 1497/1 1/1 984/1 
f 164/1 984/1 1/1 
f 694/1 480/1 971/1 
f 324/1 1538/1 480/1 
f 481/1 470/1 870/1 
f 1308/1 14/1 458/1 
f 482/1 1810/1 1341/1 
f 1676/1 917/1 1810/1 
f 1662/1 483/1 60/1 
f 1788/1 1073/1 475/1 
f 1178/1 237/1 1343/1 
f 638/1 237/1 98/1 
f 1098/1 297/1 1230/1 
f 768/1 1736/1 297/1 
f 486/1 1092/1 715/1 
f 1226/1 458/1 1598/1 
f 1307/1 487/1 1607/1 
f 1521/1 1787/1 359/1 
f 148/1 488/1 283/1 
f 1307/1 1271/1 487/1 
f 489/1 1775/1 764/1 
f 1133/1 174/1 803/1 
f 1618/1 1063/1 618/1 
f 363/1 63/1 1618/1 
f 329/1 491/1 485/1 
f 708/1 810/1 492/1 
f 810/1 1774/1 492/1 
f 492/1 1774/1 1391/1 
f 1455/1 305/1 1164/1 
f 1013/1 494/1 1455/1 
f 1455/1 494/1 1653/1 
f 494/1 1449/1 723/1 
f 495/1 251/1 233/1 
f 1493/1 645/1 1660/1 
f 1468/1 176/1 496/1 
f 685/1 873/1 1159/1 
f 1749/1 1750/1 1064/1 
f 1749/1 1064/1 467/1 
f 498/1 765/1 22/1 
f 471/1 498/1 22/1 
f 499/1 1155/1 844/1 
f 1155/1 1780/1 936/1 
f 420/1 500/1 1374/1 
f 500/1 1206/1 216/1 
f 377/1 1589/1 848/1 
f 1590/1 89/1 846/1 
f 1004/1 264/1 1357/1 
f 842/1 1357/1 264/1 
f 1252/1 499/1 1361/1 
f 400/1 1547/1 947/1 
f 504/1 150/1 1731/1 
f 1765/1 150/1 504/1 
f 18/1 1118/1 505/1 
f 1687/1 779/1 1149/1 
f 794/1 506/1 327/1 
f 485/1 1079/1 1459/1 
f 1107/1 1168/1 507/1 
f 733/1 507/1 1168/1 
f 1448/1 508/1 1235/1 
f 1126/1 259/1 1316/1 
f 1145/1 671/1 48/1 
f 1126/1 815/1 48/1 
f 510/1 549/1 1693/1 
f 909/1 1047/1 510/1 
f 511/1 1615/1 1134/1 
f 511/1 15/1 1615/1 
f 1169/1 832/1 512/1 
f 86/1 1477/1 1223/1 
f 513/1 598/1 1491/1 
f 1544/1 358/1 528/1 
f 153/1 514/1 1587/1 
f 1587/1 514/1 1663/1 
f 1093/1 4/1 44/1 
f 725/1 1007/1 720/1 
f 247/1 167/1 516/1 
f 109/1 773/1 167/1 
f 1186/1 427/1 838/1 
f 997/1 39/1 1419/1 
f 518/1 1759/1 124/1 
f 518/1 1536/1 565/1 
f 1583/1 730/1 1658/1 
f 1657/1 91/1 574/1 
f 1613/1 248/1 364/1 
f 890/1 1613/1 364/1 
f 521/1 821/1 403/1 
f 72/1 1677/1 278/1 
f 201/1 408/1 522/1 
f 1385/1 1631/1 743/1 
f 288/1 706/1 954/1 
f 1571/1 1796/1 50/1 
f 309/1 524/1 1003/1 
f 203/1 1323/1 1109/1 
f 525/1 1208/1 123/1 
f 1636/1 123/1 1776/1 
f 1066/1 1044/1 526/1 
f 1474/1 24/1 526/1 
f 1433/1 527/1 555/1 
f 138/1 1498/1 1324/1 
f 1544/1 528/1 29/1 
f 1495/1 397/1 29/1 
f 1469/1 529/1 55/1 
f 1154/1 482/1 1341/1 
f 122/1 1152/1 1454/1 
f 837/1 741/1 428/1 
f 912/1 531/1 567/1 
f 185/1 1099/1 531/1 
f 532/1 173/1 753/1 
f 754/1 532/1 199/1 
f 1449/1 1505/1 723/1 
f 1298/1 1505/1 186/1 
f 793/1 534/1 374/1 
f 534/1 692/1 856/1 
f 535/1 111/1 696/1 
f 1257/1 926/1 1450/1 
f 203/1 103/1 536/1 
f 103/1 898/1 1490/1 
f 929/1 941/1 1725/1 
f 1115/1 1116/1 217/1 
f 1647/1 538/1 1744/1 
f 1542/1 321/1 84/1 
f 1691/1 539/1 67/1 
f 1090/1 1203/1 1325/1 
f 1201/1 130/1 263/1 
f 999/1 1201/1 1218/1 
f 541/1 946/1 294/1 
f 541/1 294/1 1587/1 
f 1699/1 897/1 542/1 
f 744/1 804/1 223/1 
f 1470/1 543/1 961/1 
f 418/1 37/1 1724/1 
f 544/1 1065/1 1127/1 
f 259/1 948/1 221/1 
f 545/1 480/1 1528/1 
f 74/1 1529/1 52/1 
f 1320/1 1486/1 546/1 
f 1738/1 206/1 547/1 
f 1738/1 547/1 1377/1 
f 1129/1 446/1 1069/1 
f 1285/1 472/1 548/1 
f 140/1 1389/1 165/1 
f 97/1 549/1 1395/1 
f 670/1 1698/1 1000/1 
f 1148/1 431/1 550/1 
f 320/1 550/1 1415/1 
f 551/1 28/1 325/1 
f 1191/1 746/1 28/1 
f 802/1 552/1 759/1 
f 1288/1 1793/1 271/1 
f 169/1 1280/1 170/1 
f 1130/1 1083/1 1622/1 
f 554/1 734/1 1748/1 
f 1358/1 217/1 1116/1 
f 11/1 555/1 1273/1 
f 555/1 807/1 1273/1 
f 1510/1 859/1 556/1 
f 1251/1 1088/1 688/1 
f 45/1 557/1 1734/1 
f 1718/1 1347/1 1405/1 
f 1379/1 298/1 558/1 
f 991/1 657/1 1362/1 
f 1360/1 559/1 285/1 
f 1588/1 1764/1 559/1 
f 473/1 331/1 560/1 
f 968/1 46/1 1021/1 
f 1379/1 558/1 561/1 
f 1747/1 171/1 1379/1 
f 234/1 932/1 562/1 
f 1519/1 935/1 752/1 
f 175/1 274/1 563/1 
f 934/1 1517/1 183/1 
f 1293/1 1437/1 564/1 
f 564/1 1437/1 1197/1 
f 565/1 1536/1 1673/1 
f 565/1 1673/1 829/1 
f 26/1 1473/1 566/1 
f 731/1 566/1 1473/1 
f 531/1 1255/1 567/1 
f 1540/1 27/1 948/1 
f 1808/1 567/1 1214/1 
f 863/1 259/1 1126/1 
f 563/1 569/1 1655/1 
f 998/1 446/1 1205/1 
f 1346/1 570/1 159/1 
f 1347/1 1048/1 1405/1 
f 210/1 1778/1 571/1 
f 1507/1 1370/1 571/1 
f 1579/1 322/1 1580/1 
f 1581/1 322/1 241/1 
f 330/1 1072/1 1692/1 
f 67/1 539/1 1072/1 
f 316/1 1657/1 574/1 
f 530/1 1550/1 1172/1 
f 575/1 1422/1 84/1 
f 84/1 935/1 1260/1 
f 972/1 576/1 384/1 
f 973/1 227/1 1207/1 
f 347/1 577/1 1081/1 
f 1243/1 1027/1 229/1 
f 864/1 1766/1 578/1 
f 1766/1 878/1 578/1 
f 82/1 579/1 1002/1 
f 1606/1 579/1 82/1 
f 148/1 283/1 580/1 
f 1766/1 1158/1 878/1 
f 581/1 682/1 245/1 
f 1759/1 1553/1 124/1 
f 229/1 582/1 17/1 
f 1216/1 583/1 1694/1 
f 1216/1 286/1 583/1 
f 286/1 47/1 583/1 
f 584/1 1610/1 1159/1 
f 584/1 35/1 234/1 
f 585/1 422/1 81/1 
f 81/1 1051/1 1286/1 
f 586/1 857/1 1182/1 
f 658/1 240/1 1489/1 
f 1321/1 587/1 654/1 
f 1016/1 918/1 1269/1 
f 869/1 800/1 603/1 
f 1135/1 589/1 1112/1 
f 589/1 800/1 869/1 
f 589/1 270/1 588/1 
f 243/1 134/1 590/1 
f 134/1 346/1 1180/1 
f 1282/1 260/1 850/1 
f 975/1 1282/1 346/1 
f 328/1 235/1 592/1 
f 1426/1 219/1 760/1 
f 1348/1 1711/1 593/1 
f 593/1 31/1 367/1 
f 594/1 1369/1 968/1 
f 594/1 110/1 360/1 
f 595/1 1732/1 282/1 
f 1335/1 1462/1 272/1 
f 460/1 1511/1 298/1 
f 1303/1 1511/1 460/1 
f 1049/1 104/1 597/1 
f 597/1 104/1 667/1 
f 1336/1 1609/1 1263/1 
f 1263/1 129/1 774/1 
f 599/1 1584/1 1492/1 
f 244/1 59/1 872/1 
f 444/1 1421/1 600/1 
f 1082/1 444/1 600/1 
f 415/1 601/1 468/1 
f 415/1 1290/1 1476/1 
f 607/1 1040/1 1616/1 
f 1616/1 603/1 800/1 
f 1040/1 853/1 1616/1 
f 830/1 853/1 158/1 
f 226/1 472/1 604/1 
f 1180/1 226/1 1709/1 
f 236/1 605/1 1330/1 
f 249/1 605/1 1025/1 
f 1162/1 936/1 606/1 
f 1162/1 606/1 119/1 
f 607/1 602/1 277/1 
f 749/1 277/1 1213/1 
f 177/1 1702/1 1496/1 
f 1188/1 177/1 1496/1 
f 177/1 1328/1 1702/1 
f 1613/1 1702/1 248/1 
f 610/1 970/1 427/1 
f 816/1 427/1 301/1 
f 559/1 611/1 285/1 
f 1338/1 216/1 285/1 
f 1139/1 689/1 612/1 
f 75/1 1668/1 297/1 
f 27/1 613/1 418/1 
f 1743/1 365/1 418/1 
f 1549/1 32/1 614/1 
f 344/1 1240/1 951/1 
f 1534/1 615/1 432/1 
f 92/1 1533/1 1466/1 
f 133/1 616/1 986/1 
f 1029/1 605/1 986/1 
f 242/1 617/1 1029/1 
f 1637/1 823/1 1452/1 
f 196/1 618/1 1063/1 
f 439/1 1802/1 619/1 
f 292/1 619/1 196/1 
f 196/1 619/1 1802/1 
f 353/1 1469/1 620/1 
f 1177/1 620/1 412/1 
f 621/1 958/1 311/1 
f 1583/1 761/1 730/1 
f 1366/1 113/1 622/1 
f 295/1 1057/1 529/1 
f 623/1 1147/1 1233/1 
f 1339/1 176/1 1468/1 
f 512/1 86/1 624/1 
f 1268/1 624/1 1101/1 
f 1625/1 1578/1 625/1 
f 527/1 1625/1 1659/1 
f 1054/1 626/1 377/1 
f 459/1 406/1 1364/1 
f 627/1 1278/1 565/1 
f 627/1 189/1 40/1 
f 390/1 225/1 628/1 
f 1318/1 1107/1 507/1 
f 629/1 208/1 421/1 
f 1129/1 388/1 1302/1 
f 1335/1 272/1 1414/1 
f 1632/1 1414/1 272/1 
f 1288/1 631/1 163/1 
f 1632/1 272/1 163/1 
f 632/1 983/1 1031/1 
f 982/1 1014/1 78/1 
f 633/1 1332/1 157/1 
f 265/1 65/1 1224/1 
f 1042/1 239/1 634/1 
f 883/1 600/1 1043/1 
f 635/1 859/1 1149/1 
f 1148/1 635/1 1703/1 
f 849/1 501/1 636/1 
f 1104/1 1619/1 1419/1 
f 1772/1 276/1 637/1 
f 1221/1 637/1 816/1 
f 1343/1 237/1 638/1 
f 847/1 1485/1 1646/1 
f 111/1 1114/1 639/1 
f 660/1 1348/1 230/1 
f 1562/1 1565/1 640/1 
f 633/1 1562/1 1327/1 
f 1413/1 1392/1 471/1 
f 1392/1 498/1 471/1 
f 321/1 162/1 642/1 
f 84/1 321/1 1376/1 
f 643/1 263/1 1431/1 
f 1218/1 1201/1 263/1 
f 538/1 1451/1 644/1 
f 575/1 538/1 1422/1 
f 495/1 645/1 251/1 
f 888/1 251/1 645/1 
f 1123/1 934/1 646/1 
f 87/1 1390/1 931/1 
f 647/1 261/1 178/1 
f 867/1 443/1 1262/1 
f 121/1 341/1 648/1 
f 648/1 1600/1 1721/1 
f 649/1 1474/1 526/1 
f 825/1 176/1 102/1 
f 1018/1 650/1 478/1 
f 478/1 1682/1 8/1 
f 604/1 651/1 24/1 
f 1066/1 526/1 24/1 
f 1076/1 1685/1 652/1 
f 1685/1 1085/1 652/1 
f 495/1 350/1 1204/1 
f 1204/1 350/1 571/1 
f 587/1 1350/1 654/1 
f 654/1 1350/1 1495/1 
f 655/1 1567/1 218/1 
f 476/1 683/1 655/1 
f 656/1 255/1 616/1 
f 1250/1 767/1 672/1 
f 1543/1 839/1 657/1 
f 596/1 1543/1 1648/1 
f 2/1 1423/1 658/1 
f 658/1 190/1 240/1 
f 964/1 1314/1 659/1 
f 659/1 1314/1 1313/1 
f 660/1 834/1 1649/1 
f 66/1 806/1 591/1 
f 1638/1 661/1 121/1 
f 1601/1 815/1 1448/1 
f 85/1 1080/1 662/1 
f 662/1 417/1 608/1 
f 663/1 192/1 172/1 
f 937/1 996/1 1797/1 
f 1630/1 842/1 664/1 
f 1791/1 664/1 162/1 
f 665/1 483/1 95/1 
f 1627/1 95/1 1399/1 
f 666/1 1399/1 95/1 
f 1296/1 1399/1 1297/1 
f 597/1 667/1 1705/1 
f 684/1 401/1 667/1 
f 1790/1 668/1 92/1 
f 1445/1 1097/1 1628/1 
f 406/1 669/1 1009/1 
f 300/1 924/1 1078/1 
f 278/1 670/1 1000/1 
f 858/1 278/1 1251/1 
f 1707/1 1250/1 255/1 
f 1250/1 509/1 255/1 
f 671/1 672/1 153/1 
f 153/1 672/1 514/1 
f 673/1 211/1 1591/1 
f 1591/1 370/1 673/1 
f 674/1 493/1 1164/1 
f 511/1 1722/1 15/1 
f 675/1 1551/1 782/1 
f 888/1 90/1 251/1 
f 399/1 676/1 9/1 
f 1433/1 828/1 1561/1 
f 966/1 1530/1 391/1 
f 1475/1 966/1 1639/1 
f 1500/1 1024/1 678/1 
f 334/1 1783/1 352/1 
f 1444/1 78/1 679/1 
f 1480/1 200/1 680/1 
f 414/1 680/1 679/1 
f 200/1 679/1 680/1 
f 580/1 681/1 289/1 
f 289/1 681/1 135/1 
f 835/1 125/1 1319/1 
f 1319/1 125/1 42/1 
f 655/1 683/1 1567/1 
f 683/1 1569/1 1461/1 
f 684/1 667/1 131/1 
f 379/1 1039/1 1160/1 
f 1552/1 496/1 685/1 
f 685/1 496/1 873/1 
f 686/1 1137/1 222/1 
f 222/1 549/1 686/1 
f 149/1 687/1 432/1 
f 1401/1 149/1 56/1 
f 20/1 688/1 976/1 
f 1251/1 688/1 20/1 
f 689/1 220/1 553/1 
f 1656/1 950/1 1349/1 
f 906/1 631/1 690/1 
f 583/1 47/1 1125/1 
f 1198/1 1579/1 691/1 
f 691/1 1579/1 1580/1 
f 862/1 373/1 692/1 
f 856/1 692/1 373/1 
f 1476/1 1290/1 693/1 
f 1289/1 1489/1 1305/1 
f 694/1 1165/1 695/1 
f 436/1 1577/1 1599/1 
f 1165/1 54/1 695/1 
f 695/1 54/1 1042/1 
f 696/1 290/1 535/1 
f 1031/1 983/1 290/1 
f 697/1 1076/1 207/1 
f 1223/1 156/1 1593/1 
f 698/1 697/1 207/1 
f 698/1 1420/1 1370/1 
f 10/1 384/1 699/1 
f 1425/1 1503/1 573/1 
f 700/1 425/1 112/1 
f 1453/1 112/1 201/1 
f 385/1 1103/1 701/1 
f 1120/1 385/1 701/1 
f 702/1 1469/1 353/1 
f 1028/1 193/1 1353/1 
f 457/1 1484/1 703/1 
f 457/1 703/1 302/1 
f 1470/1 961/1 704/1 
f 73/1 1470/1 1667/1 
f 705/1 198/1 199/1 
f 244/1 1726/1 1006/1 
f 1597/1 706/1 288/1 
f 1597/1 1753/1 706/1 
f 186/1 1342/1 707/1 
f 733/1 1168/1 100/1 
f 491/1 810/1 708/1 
f 1106/1 1215/1 491/1 
f 1106/1 1719/1 166/1 
f 1036/1 1446/1 504/1 
f 1606/1 82/1 1061/1 
f 1062/1 19/1 1749/1 
f 17/1 582/1 711/1 
f 1169/1 1400/1 711/1 
f 1450/1 1546/1 1119/1 
f 281/1 1458/1 116/1 
f 713/1 1108/1 404/1 
f 1573/1 1407/1 1762/1 
f 40/1 318/1 714/1 
f 714/1 318/1 404/1 
f 1704/1 715/1 140/1 
f 194/1 715/1 1704/1 
f 942/1 1620/1 1629/1 
f 308/1 1620/1 1179/1 
f 945/1 717/1 63/1 
f 63/1 1063/1 1618/1 
f 527/1 718/1 892/1 
f 1433/1 718/1 527/1 
f 793/1 407/1 719/1 
f 960/1 1035/1 407/1 
f 720/1 330/1 1196/1 
f 1007/1 330/1 720/1 
f 720/1 721/1 136/1 
f 136/1 721/1 533/1 
f 722/1 1437/1 1293/1 
f 1293/1 465/1 1017/1 
f 1653/1 494/1 723/1 
f 1653/1 723/1 537/1 
f 724/1 1401/1 56/1 
f 831/1 56/1 1216/1 
f 1093/1 44/1 725/1 
f 454/1 1093/1 1121/1 
f 726/1 7/1 907/1 
f 726/1 907/1 1295/1 
f 727/1 164/1 1559/1 
f 1032/1 984/1 164/1 
f 728/1 987/1 448/1 
f 1209/1 392/1 728/1 
f 1107/1 729/1 224/1 
f 224/1 729/1 1435/1 
f 730/1 1585/1 1586/1 
f 761/1 1585/1 730/1 
f 731/1 362/1 1022/1 
f 1545/1 731/1 1473/1 
f 732/1 524/1 309/1 
f 732/1 309/1 1281/1 
f 100/1 1228/1 733/1 
f 733/1 1228/1 1302/1 
f 1626/1 734/1 246/1 
f 942/1 246/1 734/1 
f 252/1 735/1 360/1 
f 252/1 1299/1 1493/1 
f 1584/1 599/1 93/1 
f 1306/1 652/1 967/1 
f 673/1 737/1 211/1 
f 211/1 737/1 738/1 
f 738/1 737/1 342/1 
f 739/1 994/1 342/1 
f 315/1 739/1 342/1 
f 1079/1 1215/1 1532/1 
f 92/1 668/1 1684/1 
f 916/1 861/1 841/1 
f 837/1 1454/1 741/1 
f 530/1 1172/1 1716/1 
f 386/1 742/1 445/1 
f 1103/1 386/1 701/1 
f 379/1 743/1 1297/1 
f 379/1 1160/1 743/1 
f 744/1 542/1 871/1 
f 223/1 542/1 744/1 
f 1115/1 481/1 745/1 
f 481/1 14/1 1308/1 
f 746/1 458/1 1226/1 
f 746/1 745/1 458/1 
f 279/1 747/1 41/1 
f 279/1 655/1 1522/1 
f 338/1 1121/1 748/1 
f 338/1 748/1 186/1 
f 607/1 277/1 749/1 
f 771/1 1189/1 1311/1 
f 45/1 750/1 557/1 
f 113/1 557/1 750/1 
f 1520/1 1405/1 1406/1 
f 1520/1 1406/1 313/1 
f 234/1 562/1 752/1 
f 234/1 752/1 328/1 
f 753/1 1111/1 1410/1 
f 1410/1 1102/1 753/1 
f 532/1 754/1 173/1 
f 1333/1 898/1 1334/1 
f 1322/1 755/1 340/1 
f 648/1 1721/1 1471/1 
f 437/1 152/1 756/1 
f 756/1 152/1 1767/1 
f 1294/1 369/1 757/1 
f 369/1 320/1 1415/1 
f 552/1 758/1 271/1 
f 952/1 758/1 1465/1 
f 552/1 1792/1 759/1 
f 759/1 1792/1 820/1 
f 1132/1 1679/1 1083/1 
f 780/1 1679/1 592/1 
f 761/1 1789/1 1585/1 
f 761/1 933/1 1789/1 
f 238/1 762/1 1482/1 
f 238/1 1566/1 762/1 
f 763/1 102/1 1339/1 
f 649/1 102/1 763/1 
f 764/1 38/1 1804/1 
f 489/1 764/1 174/1 
f 1409/1 1355/1 765/1 
f 498/1 1409/1 765/1 
f 999/1 11/1 766/1 
f 96/1 1387/1 862/1 
f 1810/1 1707/1 656/1 
f 656/1 1707/1 255/1 
f 169/1 768/1 1668/1 
f 1037/1 329/1 768/1 
f 303/1 1762/1 769/1 
f 683/1 303/1 1569/1 
f 770/1 323/1 1742/1 
f 1604/1 1757/1 1603/1 
f 771/1 53/1 1550/1 
f 771/1 1311/1 53/1 
f 772/1 502/1 1237/1 
f 772/1 213/1 1000/1 
f 773/1 1430/1 1535/1 
f 167/1 773/1 516/1 
f 774/1 614/1 32/1 
f 819/1 1094/1 32/1 
f 775/1 1111/1 753/1 
f 1323/1 142/1 1109/1 
f 51/1 776/1 1560/1 
f 472/1 1404/1 604/1 
f 59/1 34/1 777/1 
f 872/1 59/1 777/1 
f 18/1 778/1 310/1 
f 18/1 505/1 1687/1 
f 505/1 779/1 1687/1 
f 314/1 1661/1 1253/1 
f 592/1 235/1 780/1 
f 780/1 235/1 50/1 
f 1336/1 1779/1 781/1 
f 1779/1 703/1 1140/1 
f 782/1 1701/1 90/1 
f 675/1 782/1 90/1 
f 347/1 1081/1 783/1 
f 347/1 783/1 782/1 
f 784/1 1383/1 456/1 
f 1382/1 1761/1 1182/1 
f 291/1 785/1 784/1 
f 1761/1 784/1 785/1 
f 287/1 325/1 786/1 
f 852/1 786/1 325/1 
f 1128/1 1729/1 1509/1 
f 96/1 862/1 336/1 
f 788/1 228/1 503/1 
f 1547/1 1252/1 947/1 
f 788/1 789/1 228/1 
f 1415/1 228/1 789/1 
f 574/1 359/1 790/1 
f 359/1 25/1 790/1 
f 791/1 209/1 547/1 
f 849/1 636/1 209/1 
f 10/1 792/1 1359/1 
f 792/1 412/1 236/1 
f 793/1 719/1 79/1 
f 1684/1 1442/1 1443/1 
f 1670/1 794/1 467/1 
f 1440/1 1396/1 1095/1 
f 709/1 795/1 1447/1 
f 466/1 1447/1 1605/1 
f 576/1 1523/1 796/1 
f 442/1 796/1 237/1 
f 256/1 1457/1 797/1 
f 1552/1 921/1 256/1 
f 31/1 798/1 367/1 
f 1411/1 1548/1 23/1 
f 799/1 1457/1 256/1 
f 1411/1 23/1 799/1 
f 602/1 800/1 588/1 
f 589/1 588/1 800/1 
f 519/1 232/1 801/1 
f 232/1 940/1 801/1 
f 453/1 1085/1 802/1 
f 802/1 759/1 1428/1 
f 1133/1 803/1 197/1 
f 197/1 1755/1 1683/1 
f 1688/1 804/1 744/1 
f 1798/1 1067/1 402/1 
f 927/1 12/1 1248/1 
f 163/1 12/1 927/1 
f 1592/1 1674/1 806/1 
f 660/1 806/1 66/1 
f 807/1 625/1 126/1 
f 1659/1 1625/1 625/1 
f 405/1 808/1 686/1 
f 405/1 1723/1 809/1 
f 405/1 809/1 808/1 
f 809/1 1407/1 1573/1 
f 329/1 810/1 491/1 
f 329/1 1037/1 810/1 
f 811/1 348/1 1712/1 
f 1750/1 114/1 1064/1 
f 812/1 960/1 1515/1 
f 126/1 1514/1 299/1 
f 1646/1 366/1 813/1 
f 981/1 1436/1 675/1 
f 811/1 1143/1 814/1 
f 593/1 1418/1 1708/1 
f 48/1 815/1 1145/1 
f 275/1 1441/1 815/1 
f 816/1 610/1 427/1 
f 269/1 610/1 816/1 
f 563/1 381/1 817/1 
f 563/1 817/1 1516/1 
f 818/1 1641/1 245/1 
f 1641/1 818/1 865/1 
f 443/1 819/1 32/1 
f 1326/1 1003/1 819/1 
f 805/1 1249/1 1056/1 
f 1249/1 1185/1 1056/1 
f 72/1 1630/1 821/1 
f 72/1 821/1 1677/1 
f 1112/1 822/1 195/1 
f 195/1 822/1 500/1 
f 1638/1 121/1 823/1 
f 121/1 1322/1 823/1 
f 897/1 824/1 26/1 
f 824/1 666/1 26/1 
f 649/1 825/1 102/1 
f 649/1 1155/1 825/1 
f 871/1 127/1 826/1 
f 1135/1 827/1 589/1 
f 1467/1 463/1 827/1 
f 1135/1 1467/1 827/1 
f 643/1 1432/1 828/1 
f 828/1 9/1 1561/1 
f 218/1 627/1 829/1 
f 1059/1 923/1 1005/1 
f 349/1 853/1 830/1 
f 349/1 830/1 1531/1 
f 724/1 56/1 831/1 
f 1769/1 724/1 1530/1 
f 832/1 1124/1 1652/1 
f 832/1 86/1 512/1 
f 1404/1 833/1 117/1 
f 117/1 1303/1 1402/1 
f 834/1 1232/1 326/1 
f 660/1 66/1 834/1 
f 714/1 835/1 151/1 
f 151/1 835/1 1319/1 
f 836/1 167/1 247/1 
f 836/1 1438/1 669/1 
f 837/1 122/1 1454/1 
f 1737/1 1740/1 122/1 
f 838/1 333/1 39/1 
f 39/1 1186/1 838/1 
f 657/1 839/1 383/1 
f 839/1 735/1 1556/1 
f 1706/1 215/1 840/1 
f 263/1 1596/1 1431/1 
f 861/1 740/1 841/1 
f 740/1 1443/1 1635/1 
f 162/1 664/1 842/1 
f 842/1 264/1 162/1 
f 843/1 23/1 477/1 
f 843/1 477/1 478/1 
f 1361/1 844/1 68/1 
f 68/1 844/1 1371/1 
f 845/1 437/1 756/1 
f 886/1 1737/1 1386/1 
f 501/1 846/1 636/1 
f 1590/1 846/1 1589/1 
f 847/1 1646/1 1234/1 
f 594/1 847/1 110/1 
f 1056/1 1185/1 1486/1 
f 791/1 206/1 1185/1 
f 849/1 791/1 1185/1 
f 849/1 209/1 791/1 
f 1282/1 850/1 346/1 
f 346/1 850/1 971/1 
f 851/1 113/1 1681/1 
f 851/1 622/1 113/1 
f 852/1 1026/1 74/1 
f 444/1 1173/1 1421/1 
f 349/1 603/1 1739/1 
f 1616/1 1739/1 603/1 
f 291/1 784/1 854/1 
f 1790/1 1445/1 668/1 
f 261/1 422/1 855/1 
f 1281/1 422/1 585/1 
f 374/1 534/1 856/1 
f 1367/1 1770/1 1141/1 
f 1489/1 240/1 857/1 
f 73/1 1382/1 1086/1 
f 670/1 278/1 858/1 
f 1131/1 1754/1 1717/1 
f 859/1 155/1 1717/1 
f 859/1 1267/1 155/1 
f 860/1 314/1 1253/1 
f 1252/1 314/1 860/1 
f 92/1 1684/1 861/1 
f 92/1 861/1 1533/1 
f 336/1 862/1 787/1 
f 862/1 692/1 787/1 
f 568/1 863/1 143/1 
f 568/1 1214/1 863/1 
f 1464/1 756/1 864/1 
f 1464/1 864/1 610/1 
f 1500/1 334/1 108/1 
f 1500/1 938/1 334/1 
f 866/1 106/1 438/1 
f 106/1 866/1 1033/1 
f 867/1 1262/1 178/1 
f 867/1 178/1 855/1 
f 868/1 253/1 410/1 
f 1537/1 868/1 410/1 
f 869/1 603/1 451/1 
f 1112/1 451/1 822/1 
f 481/1 870/1 14/1 
f 14/1 1312/1 641/1 
f 1183/1 744/1 871/1 
f 128/1 1184/1 500/1 
f 599/1 244/1 872/1 
f 599/1 872/1 1294/1 
f 496/1 176/1 873/1 
f 1439/1 176/1 825/1 
f 874/1 282/1 459/1 
f 595/1 282/1 1462/1 
f 974/1 1697/1 875/1 
f 393/1 845/1 1696/1 
f 949/1 1501/1 876/1 
f 1187/1 1/1 1020/1 
f 877/1 1643/1 1283/1 
f 546/1 1643/1 877/1 
f 1158/1 580/1 878/1 
f 878/1 580/1 1274/1 
f 22/1 879/1 331/1 
f 22/1 1513/1 879/1 
f 880/1 1127/1 1065/1 
f 80/1 221/1 880/1 
f 1416/1 154/1 881/1 
f 881/1 154/1 1128/1 
f 308/1 435/1 882/1 
f 1355/1 435/1 214/1 
f 1381/1 634/1 1633/1 
f 634/1 1728/1 1633/1 
f 1482/1 447/1 1270/1 
f 1151/1 372/1 447/1 
f 885/1 861/1 959/1 
f 282/1 885/1 16/1 
f 886/1 1386/1 845/1 
f 393/1 886/1 845/1 
f 1192/1 887/1 216/1 
f 1374/1 500/1 216/1 
f 888/1 675/1 90/1 
f 981/1 675/1 888/1 
f 976/1 889/1 180/1 
f 180/1 1451/1 538/1 
f 43/1 890/1 1041/1 
f 812/1 1612/1 960/1 
f 964/1 665/1 891/1 
f 665/1 95/1 1627/1 
f 892/1 85/1 662/1 
f 718/1 85/1 892/1 
f 1304/1 1411/1 893/1 
f 348/1 893/1 1712/1 
f 1042/1 894/1 239/1 
f 1336/1 1337/1 1779/1 
f 1066/1 895/1 1044/1 
f 1044/1 990/1 188/1 
f 1301/1 896/1 1238/1 
f 803/1 1300/1 363/1 
f 897/1 463/1 1467/1 
f 897/1 26/1 463/1 
f 1333/1 899/1 898/1 
f 898/1 273/1 1490/1 
f 899/1 654/1 1642/1 
f 899/1 1642/1 898/1 
f 646/1 900/1 1634/1 
f 899/1 1634/1 900/1 
f 918/1 266/1 901/1 
f 266/1 1167/1 901/1 
f 464/1 902/1 1563/1 
f 1564/1 715/1 194/1 
f 903/1 149/1 432/1 
f 1010/1 1335/1 1246/1 
f 286/1 149/1 904/1 
f 904/1 149/1 903/1 
f 1760/1 227/1 905/1 
f 366/1 98/1 1242/1 
f 47/1 455/1 906/1 
f 47/1 906/1 690/1 
f 1453/1 201/1 907/1 
f 907/1 201/1 1295/1 
f 328/1 592/1 908/1 
f 1096/1 328/1 908/1 
f 747/1 1693/1 41/1 
f 549/1 41/1 1693/1 
f 260/1 591/1 1675/1 
f 1599/1 1577/1 1664/1 
f 1179/1 911/1 1178/1 
f 191/1 913/1 911/1 
f 912/1 185/1 531/1 
f 1363/1 1768/1 912/1 
f 911/1 913/1 442/1 
f 913/1 699/1 442/1 
f 1398/1 275/1 1601/1 
f 275/1 815/1 1601/1 
f 64/1 1395/1 915/1 
f 64/1 915/1 211/1 
f 525/1 1636/1 70/1 
f 525/1 123/1 1636/1 
f 1730/1 387/1 1695/1 
f 1146/1 387/1 672/1 
f 918/1 901/1 30/1 
f 918/1 1194/1 1269/1 
f 571/1 920/1 919/1 
f 115/1 653/1 919/1 
f 115/1 919/1 920/1 
f 1778/1 789/1 1265/1 
f 49/1 469/1 921/1 
f 1552/1 49/1 921/1 
f 878/1 1274/1 922/1 
f 390/1 628/1 1153/1 
f 829/1 1023/1 923/1 
f 923/1 218/1 829/1 
f 1009/1 669/1 924/1 
f 1438/1 924/1 669/1 
f 925/1 910/1 106/1 
f 910/1 1599/1 260/1 
f 926/1 111/1 535/1 
f 1546/1 1368/1 168/1 
f 805/1 927/1 1249/1 
f 1793/1 163/1 927/1 
f 1733/1 928/1 1504/1 
f 1181/1 928/1 1733/1 
f 305/1 1150/1 77/1 
f 77/1 1150/1 551/1 
f 426/1 967/1 930/1 
f 426/1 931/1 198/1 
f 426/1 930/1 931/1 
f 87/1 931/1 930/1 
f 932/1 1647/1 1744/1 
f 375/1 119/1 932/1 
f 801/1 60/1 933/1 
f 1788/1 60/1 1073/1 
f 563/1 1516/1 175/1 
f 175/1 1516/1 1136/1 
f 1219/1 935/1 84/1 
f 50/1 235/1 935/1 
f 936/1 860/1 296/1 
f 1118/1 606/1 936/1 
f 1075/1 996/1 937/1 
f 937/1 640/1 284/1 
f 1500/1 678/1 938/1 
f 938/1 678/1 1591/1 
f 939/1 676/1 988/1 
f 1561/1 9/1 676/1 
f 371/1 940/1 232/1 
f 371/1 450/1 1022/1 
f 1653/1 537/1 941/1 
f 537/1 1358/1 1116/1 
f 145/1 942/1 734/1 
f 1090/1 1199/1 1570/1 
f 943/1 1144/1 487/1 
f 1264/1 107/1 1586/1 
f 943/1 487/1 944/1 
f 1271/1 944/1 487/1 
f 945/1 420/1 1374/1 
f 258/1 420/1 945/1 
f 946/1 143/1 294/1 
f 1363/1 568/1 143/1 
f 947/1 68/1 171/1 
f 1747/1 947/1 171/1 
f 27/1 544/1 948/1 
f 948/1 544/1 1127/1 
f 382/1 1501/1 949/1 
f 978/1 382/1 1276/1 
f 220/1 689/1 950/1 
f 220/1 1786/1 1785/1 
f 265/1 344/1 951/1 
f 265/1 1488/1 65/1 
f 187/1 1799/1 952/1 
f 1427/1 1345/1 335/1 
f 1133/1 1525/1 953/1 
f 1706/1 399/1 215/1 
f 706/1 523/1 954/1 
f 1796/1 523/1 1426/1 
f 40/1 714/1 955/1 
f 627/1 40/1 1278/1 
f 1152/1 956/1 771/1 
f 241/1 158/1 956/1 
f 1284/1 957/1 3/1 
f 3/1 957/1 1412/1 
f 4/1 958/1 312/1 
f 312/1 958/1 751/1 
f 916/1 1354/1 959/1 
f 885/1 959/1 1354/1 
f 1378/1 1035/1 960/1 
f 1612/1 43/1 960/1 
f 543/1 37/1 961/1 
f 1344/1 1557/1 202/1 
f 962/1 1502/1 507/1 
f 1352/1 356/1 1800/1 
f 1104/1 1105/1 1619/1 
f 1352/1 1800/1 388/1 
f 964/1 1346/1 159/1 
f 964/1 159/1 665/1 
f 406/1 965/1 669/1 
f 16/1 965/1 406/1 
f 1769/1 1530/1 966/1 
f 1476/1 1769/1 966/1 
f 736/1 967/1 426/1 
f 1584/1 1306/1 967/1 
f 331/1 968/1 1021/1 
f 331/1 879/1 968/1 
f 201/1 112/1 969/1 
f 1587/1 1663/1 112/1 
f 21/1 970/1 922/1 
f 838/1 970/1 21/1 
f 346/1 971/1 165/1 
f 1538/1 1704/1 165/1 
f 972/1 973/1 576/1 
f 1329/1 249/1 146/1 
f 146/1 415/1 973/1 
f 146/1 973/1 972/1 
f 395/1 691/1 974/1 
f 395/1 1430/1 773/1 
f 134/1 1232/1 975/1 
f 134/1 975/1 346/1 
f 1809/1 976/1 310/1 
f 606/1 1481/1 1074/1 
f 1770/1 977/1 1141/1 
f 807/1 126/1 1231/1 
f 978/1 1276/1 139/1 
f 139/1 196/1 1193/1 
f 979/1 243/1 1746/1 
f 979/1 1233/1 243/1 
f 397/1 980/1 29/1 
f 980/1 1633/1 1728/1 
f 813/1 366/1 981/1 
f 813/1 981/1 252/1 
f 632/1 179/1 982/1 
f 982/1 78/1 632/1 
f 632/1 78/1 983/1 
f 1444/1 983/1 78/1 
f 1032/1 479/1 984/1 
f 1497/1 984/1 1197/1 
f 112/1 1663/1 969/1 
f 1663/1 1499/1 969/1 
f 133/1 986/1 412/1 
f 412/1 986/1 236/1 
f 728/1 392/1 987/1 
f 987/1 392/1 231/1 
f 939/1 988/1 319/1 
f 490/1 1713/1 1683/1 
f 587/1 1640/1 989/1 
f 1082/1 105/1 1351/1 
f 895/1 990/1 1044/1 
f 895/1 460/1 990/1 
f 991/1 558/1 298/1 
f 1511/1 991/1 298/1 
f 393/1 572/1 992/1 
f 1580/1 322/1 1581/1 
f 993/1 1494/1 1609/1 
f 781/1 993/1 1609/1 
f 738/1 342/1 994/1 
f 738/1 994/1 1036/1 
f 710/1 1539/1 995/1 
f 1539/1 1440/1 995/1 
f 1440/1 996/1 995/1 
f 663/1 1797/1 996/1 
f 517/1 39/1 997/1 
f 1365/1 517/1 997/1 
f 998/1 569/1 1643/1 
f 1205/1 569/1 998/1 
f 96/1 540/1 999/1 
f 96/1 999/1 766/1 
f 1698/1 97/1 1000/1 
f 97/1 772/1 1000/1 
f 447/1 372/1 1001/1 
f 200/1 1480/1 372/1 
f 679/1 1002/1 414/1 
f 284/1 1565/1 1002/1 
f 1003/1 1323/1 203/1 
f 819/1 1003/1 203/1 
f 1597/1 1200/1 1004/1 
f 1765/1 504/1 466/1 
f 1005/1 923/1 280/1 
f 1005/1 280/1 1693/1 
f 1726/1 1504/1 1006/1 
f 1006/1 1504/1 928/1 
f 725/1 44/1 1007/1 
f 1007/1 44/1 1524/1 
f 1052/1 76/1 1008/1 
f 1757/1 1775/1 489/1 
f 1403/1 1009/1 300/1 
f 1009/1 924/1 300/1 
f 1010/1 903/1 432/1 
f 615/1 1010/1 432/1 
f 1011/1 265/1 647/1 
f 1262/1 647/1 178/1 
f 536/1 1012/1 1094/1 
f 103/1 1490/1 536/1 
f 306/1 1013/1 493/1 
f 208/1 1228/1 306/1 
f 82/1 1002/1 1014/1 
f 982/1 82/1 1014/1 
f 1015/1 695/1 1291/1 
f 1529/1 1528/1 52/1 
f 1517/1 1016/1 183/1 
f 183/1 1321/1 900/1 
f 722/1 1293/1 1017/1 
f 1077/1 722/1 1773/1 
f 1018/1 394/1 834/1 
f 478/1 394/1 1018/1 
f 1019/1 13/1 585/1 
f 585/1 81/1 1286/1 
f 1020/1 177/1 1188/1 
f 1187/1 1020/1 1188/1 
f 331/1 1021/1 560/1 
f 560/1 1021/1 596/1 
f 371/1 1022/1 940/1 
f 362/1 940/1 1022/1 
f 1023/1 352/1 1783/1 
f 1536/1 352/1 1673/1 
f 678/1 1024/1 370/1 
f 1024/1 142/1 370/1 
f 617/1 190/1 1025/1 
f 1423/1 190/1 658/1 
f 852/1 464/1 1026/1 
f 1026/1 464/1 1563/1 
f 1243/1 468/1 1027/1 
f 601/1 1027/1 468/1 
f 1734/1 1028/1 45/1 
f 1028/1 433/1 193/1 
f 1029/1 986/1 616/1 
f 212/1 1029/1 616/1 
f 62/1 1030/1 495/1 
f 1660/1 645/1 495/1 
f 696/1 1031/1 290/1 
f 696/1 1795/1 1031/1 
f 727/1 1032/1 164/1 
f 349/1 1531/1 727/1 
f 866/1 712/1 1033/1 
f 1033/1 712/1 1119/1 
f 79/1 1034/1 70/1 
f 231/1 70/1 1782/1 
f 1035/1 1034/1 719/1 
f 1035/1 719/1 407/1 
f 994/1 166/1 1036/1 
f 166/1 1446/1 1036/1 
f 169/1 36/1 1037/1 
f 169/1 1037/1 768/1 
f 453/1 1038/1 257/1 
f 1595/1 1283/1 1136/1 
f 1039/1 684/1 131/1 
f 804/1 684/1 1039/1 
f 956/1 158/1 1040/1 
f 1040/1 158/1 853/1 
f 890/1 364/1 1041/1 
f 1041/1 364/1 465/1 
f 1715/1 141/1 1381/1 
f 141/1 1291/1 1381/1 
f 1043/1 52/1 141/1 
f 883/1 1043/1 141/1 
f 1044/1 188/1 137/1 
f 526/1 1044/1 137/1 
f 1045/1 120/1 1351/1 
f 511/1 1134/1 1236/1 
f 184/1 1689/1 351/1 
f 211/1 1689/1 1591/1 
f 345/1 1047/1 909/1 
f 345/1 1046/1 1644/1 
f 1346/1 1048/1 1347/1 
f 445/1 742/1 1048/1 
f 104/1 1049/1 253/1 
f 531/1 1099/1 1052/1 
f 435/1 1050/1 214/1 
f 1050/1 847/1 1225/1 
f 192/1 957/1 1051/1 
f 1284/1 1051/1 957/1 
f 1099/1 1049/1 1052/1 
f 1052/1 1049/1 76/1 
f 1053/1 641/1 51/1 
f 1053/1 51/1 1560/1 
f 1054/1 459/1 1364/1 
f 874/1 459/1 1054/1 
f 1055/1 805/1 820/1 
f 1055/1 927/1 805/1 
f 820/1 1056/1 1320/1 
f 805/1 1056/1 820/1 
f 622/1 262/1 1057/1 
f 295/1 622/1 1057/1 
f 1068/1 276/1 1058/1 
f 1772/1 1058/1 276/1 
f 1059/1 655/1 218/1 
f 1059/1 218/1 923/1 
f 803/1 363/1 1060/1 
f 197/1 803/1 1755/1 
f 710/1 1061/1 19/1 
f 1061/1 1143/1 19/1 
f 1062/1 1539/1 710/1 
f 710/1 19/1 1062/1 
f 1193/1 1063/1 717/1 
f 63/1 717/1 1063/1 
f 114/1 83/1 1064/1 
f 297/1 1098/1 83/1 
f 880/1 1065/1 1720/1 
f 543/1 1724/1 37/1 
f 651/1 895/1 1066/1 
f 24/1 651/1 1066/1 
f 804/1 1067/1 684/1 
f 402/1 1067/1 804/1 
f 395/1 974/1 1068/1 
f 974/1 875/1 1068/1 
f 547/1 1069/1 446/1 
f 547/1 1619/1 1069/1 
f 1070/1 400/1 561/1 
f 1220/1 115/1 1527/1 
f 1070/1 1071/1 62/1 
f 1071/1 1030/1 62/1 
f 355/1 573/1 1072/1 
f 1203/1 573/1 191/1 
f 483/1 1073/1 60/1 
f 159/1 1073/1 483/1 
f 976/1 180/1 1074/1 
f 1074/1 310/1 976/1 
f 1075/1 284/1 1002/1 
f 1075/1 937/1 284/1 
f 1076/1 156/1 1685/1 
f 697/1 156/1 1076/1 
f 1077/1 1328/1 177/1 
f 1020/1 1077/1 177/1 
f 517/1 1078/1 301/1 
f 1472/1 816/1 301/1 
f 1079/1 1532/1 1412/1 
f 1079/1 327/1 506/1 
f 662/1 1080/1 417/1 
f 1276/1 417/1 1080/1 
f 229/1 17/1 1081/1 
f 1243/1 229/1 1081/1 
f 989/1 1082/1 398/1 
f 989/1 105/1 1082/1 
f 1622/1 1083/1 170/1 
f 1083/1 1679/1 170/1 
f 1344/1 202/1 1084/1 
f 1084/1 202/1 96/1 
f 453/1 71/1 1085/1 
f 1202/1 71/1 930/1 
f 1086/1 857/1 240/1 
f 1100/1 1086/1 240/1 
f 403/1 821/1 1087/1 
f 1542/1 403/1 1087/1 
f 688/1 1088/1 521/1 
f 521/1 1677/1 821/1 
f 349/1 1089/1 603/1 
f 727/1 1764/1 349/1 
f 67/1 1090/1 1570/1 
f 67/1 1072/1 1090/1 
f 436/1 1091/1 281/1 
f 1091/1 1458/1 281/1 
f 1092/1 182/1 1735/1 
f 1598/1 1053/1 182/1 
f 515/1 4/1 1093/1 
f 454/1 515/1 1093/1 
f 598/1 774/1 1094/1 
f 774/1 32/1 1094/1 
f 1095/1 794/1 1356/1 
f 467/1 794/1 1095/1 
f 1096/1 1487/1 328/1 
f 1096/1 1610/1 584/1 
f 1729/1 1097/1 61/1 
f 1445/1 61/1 1097/1 
f 1064/1 83/1 1098/1 
f 1064/1 1098/1 1670/1 
f 185/1 253/1 1099/1 
f 1099/1 253/1 1049/1 
f 340/1 1086/1 1100/1 
f 823/1 1669/1 1100/1 
f 1572/1 389/1 1101/1 
f 1268/1 1101/1 389/1 
f 532/1 1102/1 1751/1 
f 1752/1 1319/1 461/1 
f 1103/1 742/1 386/1 
f 851/1 1681/1 1103/1 
f 1104/1 39/1 963/1 
f 1352/1 963/1 356/1 
f 1105/1 1352/1 388/1 
f 1069/1 1105/1 388/1 
f 708/1 1106/1 491/1 
f 708/1 1719/1 1106/1 
f 1107/1 225/1 729/1 
f 1318/1 225/1 1107/1 
f 714/1 404/1 1108/1 
f 714/1 1108/1 835/1 
f 1109/1 1111/1 775/1 
f 103/1 1109/1 1555/1 
f 5/1 133/1 1110/1 
f 133/1 412/1 1614/1 
f 1024/1 1111/1 142/1 
f 1109/1 142/1 1111/1 
f 1112/1 869/1 451/1 
f 1112/1 589/1 869/1 
f 866/1 1113/1 1114/1 
f 438/1 230/1 1113/1 
f 230/1 1114/1 1113/1 
f 639/1 1114/1 230/1 
f 1115/1 745/1 204/1 
f 1150/1 1725/1 204/1 
f 537/1 1116/1 941/1 
f 1725/1 941/1 1116/1 
f 1117/1 1241/1 737/1 
f 1117/1 737/1 673/1 
f 1118/1 296/1 505/1 
f 1118/1 936/1 296/1 
f 1331/1 116/1 1119/1 
f 116/1 1458/1 1119/1 
f 514/1 1120/1 985/1 
f 672/1 1120/1 514/1 
f 725/1 748/1 1121/1 
f 1093/1 725/1 1121/1 
f 1122/1 512/1 1254/1 
f 90/1 1701/1 474/1 
f 87/1 1123/1 1390/1 
f 257/1 1123/1 87/1 
f 1124/1 1690/1 376/1 
f 1124/1 1582/1 1690/1 
f 376/1 1125/1 690/1 
f 47/1 690/1 1125/1 
f 1126/1 1316/1 508/1 
f 1126/1 508/1 815/1 
f 948/1 1127/1 221/1 
f 880/1 221/1 1127/1 
f 154/1 336/1 1128/1 
f 336/1 787/1 1128/1 
f 1129/1 629/1 446/1 
f 208/1 629/1 1129/1 
f 1130/1 469/1 1083/1 
f 1130/1 921/1 469/1 
f 405/1 181/1 1131/1 
f 181/1 1754/1 1131/1 
f 592/1 1132/1 908/1 
f 1679/1 1132/1 592/1 
f 489/1 1133/1 953/1 
f 489/1 174/1 1133/1 
f 120/1 1134/1 287/1 
f 120/1 1236/1 1134/1 
f 127/1 1135/1 826/1 
f 1135/1 1112/1 826/1 
f 257/1 1136/1 1123/1 
f 1595/1 1136/1 257/1 
f 222/1 1137/1 476/1 
f 683/1 476/1 1574/1 
f 280/1 1138/1 1309/1 
f 1138/1 1023/1 351/1 
f 1315/1 1139/1 75/1 
f 1139/1 612/1 75/1 
f 781/1 1140/1 993/1 
f 781/1 1779/1 1140/1 
f 126/1 299/1 1141/1 
f 1231/1 126/1 1141/1 
f 226/1 604/1 1709/1 
f 1709/1 604/1 24/1 
f 1708/1 814/1 1143/1 
f 179/1 1575/1 982/1 
f 107/1 1277/1 1144/1 
f 1586/1 107/1 1144/1 
f 1250/1 1145/1 509/1 
f 509/1 1441/1 275/1 
f 917/1 1146/1 1810/1 
f 1146/1 1695/1 387/1 
f 1682/1 1147/1 8/1 
f 8/1 1468/1 496/1 
f 320/1 777/1 1148/1 
f 320/1 1148/1 550/1 
f 779/1 431/1 1149/1 
f 1148/1 1703/1 431/1 
f 929/1 1725/1 1150/1 
f 305/1 929/1 1150/1 
f 884/1 1171/1 1151/1 
f 884/1 1151/1 447/1 
f 122/1 241/1 1152/1 
f 241/1 956/1 1152/1 
f 1274/1 1153/1 922/1 
f 21/1 922/1 1153/1 
f 1057/1 1154/1 529/1 
f 1154/1 55/1 529/1 
f 416/1 1155/1 936/1 
f 1155/1 416/1 825/1 
f 198/1 1156/1 199/1 
f 396/1 199/1 1156/1 
f 790/1 25/1 1157/1 
f 1158/1 1157/1 25/1 
f 1158/1 25/1 148/1 
f 1158/1 148/1 580/1 
f 1424/1 35/1 1159/1 
f 584/1 1159/1 35/1 
f 1039/1 131/1 1160/1 
f 1385/1 1160/1 131/1 
f 1161/1 136/1 1298/1 
f 720/1 136/1 1161/1 
f 375/1 35/1 1162/1 
f 375/1 1162/1 119/1 
f 11/1 1163/1 555/1 
f 1218/1 1163/1 11/1 
f 1164/1 77/1 15/1 
f 1722/1 1164/1 15/1 
f 436/1 1165/1 694/1 
f 436/1 281/1 1484/1 
f 1166/1 963/1 333/1 
f 333/1 21/1 1479/1 
f 421/1 1167/1 266/1 
f 421/1 208/1 1167/1 
f 224/1 707/1 1168/1 
f 707/1 1342/1 1168/1 
f 250/1 1169/1 1122/1 
f 1400/1 1169/1 250/1 
f 1305/1 1170/1 147/1 
f 147/1 1170/1 1227/1 
f 1546/1 168/1 1171/1 
f 1171/1 168/1 1151/1 
f 574/1 790/1 1172/1 
f 1550/1 574/1 1172/1 
f 1173/1 852/1 74/1 
f 1173/1 786/1 852/1 
f 1743/1 1174/1 365/1 
f 540/1 1650/1 1541/1 
f 1541/1 1175/1 130/1 
f 130/1 1483/1 1596/1 
f 355/1 353/1 1176/1 
f 355/1 1176/1 573/1 
f 353/1 1177/1 1176/1 
f 353/1 620/1 1177/1 
f 1178/1 442/1 237/1 
f 1178/1 911/1 442/1 
f 1179/1 1178/1 57/1 
f 1179/1 57/1 308/1 
f 1180/1 1709/1 1460/1 
f 134/1 1180/1 590/1 
f 1181/1 42/1 462/1 
f 1181/1 462/1 1763/1 
f 1170/1 1182/1 785/1 
f 1761/1 785/1 1182/1 
f 258/1 1183/1 128/1 
f 128/1 1183/1 871/1 
f 128/1 871/1 1184/1 
f 871/1 826/1 1184/1 
f 1249/1 1803/1 1185/1 
f 1803/1 849/1 1185/1 
f 517/1 1186/1 39/1 
f 517/1 301/1 1186/1 
f 1187/1 1188/1 317/1 
f 1559/1 1187/1 317/1 
f 317/1 1188/1 876/1 
f 1188/1 1496/1 876/1 
f 1189/1 956/1 607/1 
f 1189/1 607/1 749/1 
f 295/1 529/1 1190/1 
f 1190/1 529/1 193/1 
f 551/1 1191/1 28/1 
f 551/1 1150/1 1191/1 
f 978/1 1192/1 1338/1 
f 978/1 139/1 1193/1 
f 978/1 1193/1 1192/1 
f 1193/1 887/1 1192/1 
f 30/1 1045/1 1194/1 
f 918/1 30/1 1194/1 
f 1196/1 424/1 1195/1 
f 1195/1 424/1 1358/1 
f 721/1 1196/1 1195/1 
f 720/1 1196/1 721/1 
f 564/1 1197/1 1198/1 
f 1197/1 984/1 479/1 
f 1197/1 479/1 1198/1 
f 1198/1 479/1 1579/1 
f 942/1 1570/1 1199/1 
f 942/1 1199/1 1620/1 
f 264/1 1200/1 162/1 
f 1004/1 1200/1 264/1 
f 540/1 1541/1 1201/1 
f 999/1 540/1 1201/1 
f 1202/1 1085/1 71/1 
f 1202/1 652/1 1085/1 
f 1072/1 573/1 1203/1 
f 1090/1 1072/1 1203/1 
f 495/1 1204/1 653/1 
f 653/1 1204/1 919/1 
f 1205/1 446/1 88/1 
f 381/1 1655/1 88/1 
f 216/1 1206/1 285/1 
f 822/1 285/1 1206/1 
f 973/1 1207/1 576/1 
f 576/1 1207/1 1523/1 
f 525/1 231/1 1208/1 
f 231/1 392/1 1208/1 
f 1208/1 1209/1 361/1 
f 1293/1 361/1 1209/1 
f 1209/1 728/1 1210/1 
f 728/1 1041/1 1210/1 
f 550/1 1661/1 1211/1 
f 550/1 1211/1 1415/1 
f 1212/1 370/1 13/1 
f 1019/1 1526/1 13/1 
f 749/1 1213/1 450/1 
f 450/1 1261/1 1022/1 
f 1214/1 948/1 259/1 
f 863/1 1214/1 259/1 
f 1215/1 739/1 1532/1 
f 1106/1 739/1 1215/1 
f 582/1 1216/1 1694/1 
f 831/1 1216/1 1806/1 
f 150/1 1217/1 64/1 
f 150/1 502/1 1217/1 
f 1218/1 263/1 643/1 
f 1218/1 643/1 1163/1 
f 50/1 935/1 1219/1 
f 1571/1 50/1 1219/1 
f 1070/1 62/1 1220/1 
f 1070/1 1220/1 400/1 
f 1772/1 637/1 1221/1 
f 247/1 161/1 1221/1 
f 114/1 1222/1 429/1 
f 1750/1 1712/1 114/1 
f 86/1 1223/1 624/1 
f 624/1 1223/1 1593/1 
f 1224/1 633/1 1478/1 
f 1224/1 1332/1 633/1 
f 879/1 1513/1 1225/1 
f 214/1 1050/1 1225/1 
f 1564/1 1226/1 486/1 
f 486/1 1226/1 1598/1 
f 147/1 1227/1 449/1 
f 449/1 1227/1 332/1 
f 100/1 1013/1 1228/1 
f 306/1 1228/1 1013/1 
f 1310/1 372/1 1229/1 
f 1229/1 168/1 293/1 
f 485/1 1459/1 1230/1 
f 329/1 485/1 1736/1 
f 1231/1 1141/1 977/1 
f 434/1 1231/1 977/1 
f 66/1 1232/1 834/1 
f 66/1 975/1 1232/1 
f 1682/1 1233/1 1147/1 
f 326/1 1388/1 650/1 
f 110/1 1234/1 252/1 
f 847/1 1234/1 110/1 
f 1235/1 80/1 341/1 
f 1235/1 508/1 1316/1 
f 30/1 1236/1 1045/1 
f 1236/1 120/1 1045/1 
f 1237/1 842/1 1630/1 
f 213/1 772/1 1237/1 
f 258/1 1238/1 1183/1 
f 1301/1 1238/1 258/1 
f 1239/1 101/1 378/1 
f 1239/1 662/1 101/1 
f 1549/1 614/1 1240/1 
f 1609/1 1494/1 614/1 
f 1241/1 1117/1 1408/1 
f 342/1 1241/1 1408/1 
f 1760/1 905/1 1242/1 
f 905/1 1243/1 1242/1 
f 1243/1 1081/1 577/1 
f 1243/1 577/1 1242/1 
f 423/1 1244/1 1363/1 
f 1537/1 1244/1 423/1 
f 1259/1 1245/1 7/1 
f 1247/1 1537/1 423/1 
f 1246/1 455/1 903/1 
f 1010/1 1246/1 903/1 
f 7/1 1537/1 1247/1 
f 7/1 1247/1 1453/1 
f 1054/1 205/1 1248/1 
f 1248/1 205/1 440/1 
f 1249/1 440/1 848/1 
f 1248/1 440/1 1249/1 
f 1250/1 672/1 671/1 
f 1250/1 671/1 1145/1 
f 556/1 858/1 1251/1 
f 1510/1 556/1 1251/1 
f 1547/1 503/1 1252/1 
f 1252/1 503/1 314/1 
f 505/1 1253/1 1661/1 
f 505/1 296/1 1253/1 
f 474/1 1701/1 1254/1 
f 474/1 1254/1 233/1 
f 567/1 1255/1 27/1 
f 1255/1 613/1 27/1 
f 1255/1 1256/1 613/1 
f 1742/1 1174/1 1743/1 
f 926/1 1257/1 111/1 
f 111/1 1257/1 1114/1 
f 1213/1 270/1 1258/1 
f 827/1 1258/1 270/1 
f 1259/1 409/1 868/1 
f 409/1 1259/1 131/1 
f 1744/1 1260/1 562/1 
f 575/1 84/1 1260/1 
f 1213/1 1258/1 1261/1 
f 450/1 1213/1 1261/1 
f 1262/1 1549/1 1011/1 
f 1262/1 1011/1 647/1 
f 513/1 1263/1 598/1 
f 1263/1 774/1 598/1 
f 311/1 4/1 1264/1 
f 4/1 515/1 1758/1 
f 115/1 920/1 1265/1 
f 1527/1 115/1 1265/1 
f 777/1 1266/1 357/1 
f 1266/1 155/1 1267/1 
f 1266/1 1267/1 357/1 
f 357/1 1267/1 635/1 
f 1254/1 512/1 1268/1 
f 1268/1 512/1 624/1 
f 1321/1 1269/1 587/1 
f 587/1 1269/1 1640/1 
f 1482/1 1270/1 99/1 
f 1240/1 99/1 1270/1 
f 283/1 488/1 1271/1 
f 488/1 1521/1 1271/1 
f 108/1 1272/1 124/1 
f 518/1 124/1 1536/1 
f 766/1 1273/1 434/1 
f 1273/1 1231/1 434/1 
f 1274/1 390/1 1153/1 
f 289/1 390/1 1274/1 
f 380/1 937/1 1275/1 
f 380/1 1275/1 81/1 
f 1276/1 949/1 417/1 
f 1276/1 382/1 949/1 
f 681/1 1277/1 135/1 
f 1277/1 107/1 1456/1 
f 1278/1 955/1 518/1 
f 1278/1 40/1 955/1 
f 1386/1 428/1 1279/1 
f 428/1 1621/1 1279/1 
f 612/1 553/1 1280/1 
f 553/1 1130/1 1622/1 
f 1281/1 855/1 422/1 
f 1281/1 309/1 855/1 
f 1282/1 591/1 260/1 
f 975/1 591/1 1282/1 
f 175/1 1136/1 1283/1 
f 1283/1 274/1 175/1 
f 452/1 1019/1 1284/1 
f 1019/1 585/1 1286/1 
f 715/1 1735/1 140/1 
f 140/1 1735/1 1389/1 
f 1284/1 1019/1 1286/1 
f 1284/1 1286/1 1051/1 
f 863/1 48/1 1287/1 
f 671/1 1287/1 48/1 
f 1799/1 1288/1 758/1 
f 1288/1 271/1 758/1 
f 1290/1 1289/1 1305/1 
f 2/1 658/1 1289/1 
f 146/1 2/1 1611/1 
f 1611/1 2/1 1289/1 
f 52/1 1015/1 1291/1 
f 141/1 52/1 1291/1 
f 1416/1 1292/1 154/1 
f 1292/1 1084/1 154/1 
f 1293/1 564/1 109/1 
f 1293/1 109/1 1340/1 
f 1294/1 210/1 571/1 
f 1294/1 757/1 210/1 
f 201/1 522/1 1295/1 
f 1631/1 1296/1 743/1 
f 1295/1 522/1 1296/1 
f 522/1 337/1 1296/1 
f 1297/1 1399/1 666/1 
f 824/1 1297/1 666/1 
f 186/1 748/1 1298/1 
f 725/1 1298/1 748/1 
f 1299/1 888/1 645/1 
f 981/1 888/1 1299/1 
f 38/1 896/1 1300/1 
f 1300/1 896/1 363/1 
f 363/1 896/1 1301/1 
f 1301/1 63/1 363/1 
f 1129/1 1302/1 208/1 
f 208/1 1302/1 1228/1 
f 117/1 833/1 1303/1 
f 560/1 1801/1 833/1 
f 1304/1 893/1 348/1 
f 1418/1 1304/1 348/1 
f 1290/1 1305/1 693/1 
f 693/1 1305/1 147/1 
f 93/1 1306/1 1584/1 
f 93/1 207/1 1306/1 
f 283/1 1271/1 1307/1 
f 283/1 1307/1 681/1 
f 745/1 1308/1 458/1 
f 481/1 1308/1 745/1 
f 1138/1 351/1 1309/1 
f 1046/1 1309/1 351/1 
f 1310/1 1229/1 293/1 
f 1745/1 293/1 290/1 
f 1311/1 749/1 450/1 
f 1189/1 749/1 1311/1 
f 870/1 1312/1 14/1 
f 870/1 1624/1 1312/1 
f 969/1 1313/1 268/1 
f 1314/1 268/1 1313/1 
f 1314/1 267/1 268/1 
f 1314/1 1627/1 267/1 
f 1315/1 429/1 1139/1 
f 114/1 429/1 1315/1 
f 1235/1 1316/1 80/1 
f 80/1 1316/1 221/1 
f 980/1 398/1 1317/1 
f 1082/1 1317/1 398/1 
f 1479/1 628/1 1318/1 
f 1318/1 628/1 225/1 
f 151/1 1319/1 682/1 
f 682/1 1319/1 1752/1 
f 820/1 1320/1 118/1 
f 1594/1 1038/1 118/1 
f 1321/1 1016/1 1269/1 
f 183/1 1016/1 1321/1 
f 121/1 648/1 1322/1 
f 648/1 755/1 1322/1 
f 370/1 1323/1 524/1 
f 1003/1 524/1 1323/1 
f 138/1 1324/1 718/1 
f 718/1 1324/1 85/1 
f 1325/1 307/1 1620/1 
f 1325/1 191/1 307/1 
f 867/1 1326/1 443/1 
f 1326/1 819/1 443/1 
f 1327/1 640/1 380/1 
f 1562/1 640/1 1327/1 
f 1328/1 248/1 1702/1 
f 1773/1 248/1 1328/1 
f 1329/1 972/1 384/1 
f 1329/1 146/1 972/1 
f 1329/1 1330/1 249/1 
f 1330/1 605/1 249/1 
f 1331/1 884/1 762/1 
f 1331/1 762/1 116/1 
f 65/1 1480/1 1332/1 
f 1224/1 65/1 1332/1 
f 1333/1 754/1 396/1 
f 754/1 1333/1 1334/1 
f 754/1 1334/1 173/1 
f 1555/1 173/1 1334/1 
f 595/1 1462/1 1335/1 
f 1010/1 595/1 1335/1 
f 239/1 1336/1 1263/1 
f 894/1 1336/1 239/1 
f 894/1 54/1 1337/1 
f 894/1 1337/1 1336/1 
f 1338/1 285/1 611/1 
f 382/1 1338/1 611/1 
f 763/1 1339/1 623/1 
f 1339/1 1147/1 623/1 
f 836/1 1340/1 167/1 
f 109/1 167/1 1340/1 
f 1154/1 1341/1 55/1 
f 1341/1 1614/1 55/1 
f 1342/1 100/1 1168/1 
f 1013/1 100/1 1342/1 
f 1050/1 484/1 1485/1 
f 1178/1 1485/1 484/1 
f 704/1 961/1 1344/1 
f 961/1 1557/1 1344/1 
f 952/1 1465/1 1345/1 
f 1427/1 952/1 1345/1 
f 964/1 445/1 1346/1 
f 1346/1 445/1 1048/1 
f 751/1 570/1 1347/1 
f 1346/1 1347/1 570/1 
f 639/1 1348/1 411/1 
f 639/1 230/1 1348/1 
f 1139/1 1349/1 689/1 
f 1349/1 950/1 689/1 
f 1495/1 1350/1 397/1 
f 397/1 1350/1 398/1 
f 1351/1 1173/1 444/1 
f 1082/1 1351/1 444/1 
f 1104/1 1352/1 1105/1 
f 1104/1 963/1 1352/1 
f 702/1 1353/1 193/1 
f 330/1 1353/1 702/1 
f 16/1 1354/1 965/1 
f 885/1 1354/1 16/1 
f 246/1 882/1 1355/1 
f 1355/1 882/1 435/1 
f 1095/1 1356/1 192/1 
f 192/1 1356/1 957/1 
f 1765/1 1357/1 502/1 
f 1237/1 502/1 1357/1 
f 1358/1 554/1 217/1 
f 1358/1 424/1 554/1 
f 1359/1 236/1 1330/1 
f 792/1 236/1 1359/1 
f 451/1 33/1 1360/1 
f 1360/1 1588/1 559/1 
f 1252/1 1361/1 947/1 
f 1361/1 68/1 947/1 
f 1362/1 1071/1 558/1 
f 991/1 1362/1 558/1 
f 423/1 1363/1 946/1 
f 946/1 1363/1 143/1 
f 1054/1 1364/1 626/1 
f 626/1 1364/1 1403/1 
f 89/1 1365/1 846/1 
f 626/1 1403/1 89/1 
f 1366/1 622/1 295/1 
f 1366/1 295/1 1190/1 
f 407/1 374/1 1367/1 
f 1367/1 374/1 1770/1 
f 1546/1 535/1 1368/1 
f 535/1 290/1 1368/1 
f 1543/1 1369/1 360/1 
f 594/1 360/1 1369/1 
f 1294/1 571/1 1370/1 
f 599/1 1294/1 1370/1 
f 526/1 137/1 1371/1 
f 649/1 526/1 1371/1 
f 378/1 1700/1 1372/1 
f 1625/1 1623/1 1578/1 
f 1373/1 151/1 682/1 
f 955/1 151/1 1373/1 
f 945/1 1374/1 887/1 
f 887/1 1374/1 216/1 
f 243/1 1388/1 1375/1 
f 243/1 1375/1 134/1 
f 1376/1 642/1 1571/1 
f 321/1 642/1 1376/1 
f 1377/1 446/1 998/1 
f 1377/1 547/1 446/1 
f 43/1 1378/1 960/1 
f 43/1 448/1 1378/1 
f 188/1 298/1 1379/1 
f 171/1 188/1 1379/1 
f 906/1 1380/1 631/1 
f 1632/1 163/1 631/1 
f 1291/1 1042/1 1381/1 
f 1381/1 1042/1 634/1 
f 1382/1 1182/1 857/1 
f 1086/1 1382/1 857/1 
f 304/1 1645/1 1383/1 
f 304/1 1761/1 1382/1 
f 426/1 198/1 1384/1 
f 705/1 1726/1 198/1 
f 726/1 1631/1 1385/1 
f 1259/1 726/1 1385/1 
f 845/1 1386/1 437/1 
f 1386/1 1279/1 437/1 
f 96/1 766/1 1387/1 
f 1387/1 766/1 434/1 
f 1388/1 1233/1 1682/1 
f 243/1 1233/1 1388/1 
f 1735/1 548/1 1389/1 
f 1180/1 1389/1 548/1 
f 1123/1 646/1 1390/1 
f 1390/1 646/1 1634/1 
f 1391/1 1753/1 1605/1 
f 219/1 1391/1 760/1 
f 51/1 641/1 1392/1 
f 641/1 1312/1 1392/1 
f 817/1 381/1 1393/1 
f 381/1 88/1 1393/1 
f 1478/1 1327/1 1394/1 
f 261/1 1394/1 422/1 
f 1395/1 549/1 510/1 
f 915/1 1395/1 510/1 
f 467/1 1095/1 1396/1 
f 497/1 467/1 1396/1 
f 1398/1 212/1 1397/1 
f 255/1 1678/1 212/1 
f 1398/1 242/1 212/1 
f 242/1 1637/1 617/1 
f 1627/1 1399/1 337/1 
f 1296/1 337/1 1399/1 
f 1081/1 17/1 1400/1 
f 17/1 711/1 1400/1 
f 1401/1 332/1 687/1 
f 1401/1 687/1 149/1 
f 1402/1 1303/1 460/1 
f 1665/1 1402/1 460/1 
f 1403/1 1365/1 89/1 
f 1403/1 300/1 1365/1 
f 472/1 776/1 1404/1 
f 1404/1 776/1 833/1 
f 1048/1 750/1 1405/1 
f 1406/1 1405/1 750/1 
f 1406/1 750/1 45/1 
f 1406/1 45/1 313/1 
f 1763/1 1762/1 1407/1 
f 1181/1 1763/1 1407/1 
f 452/1 1408/1 1526/1 
f 1408/1 452/1 3/1 
f 343/1 1409/1 1624/1 
f 343/1 1355/1 1409/1 
f 1410/1 1111/1 419/1 
f 682/1 1410/1 419/1 
f 367/1 1548/1 1411/1 
f 1304/1 367/1 1411/1 
f 1079/1 1412/1 327/1 
f 1356/1 327/1 1412/1 
f 1413/1 471/1 473/1 
f 1413/1 473/1 833/1 
f 630/1 455/1 1414/1 
f 1380/1 630/1 1414/1 
f 757/1 1415/1 789/1 
f 369/1 1415/1 757/1 
f 1667/1 1292/1 1416/1 
f 1667/1 1416/1 1417/1 
f 73/1 1417/1 1382/1 
f 73/1 1667/1 1417/1 
f 1708/1 1418/1 814/1 
f 1418/1 348/1 814/1 
f 997/1 1419/1 636/1 
f 1419/1 1619/1 636/1 
f 698/1 207/1 1420/1 
f 1420/1 207/1 93/1 
f 1043/1 1421/1 74/1 
f 1173/1 74/1 1421/1 
f 538/1 644/1 1422/1 
f 644/1 403/1 1542/1 
f 1423/1 1025/1 190/1 
f 249/1 1025/1 1423/1 
f 35/1 1424/1 1162/1 
f 1424/1 936/1 1162/1 
f 1425/1 792/1 10/1 
f 1425/1 10/1 699/1 
f 1426/1 1679/1 780/1 
f 1796/1 1426/1 780/1 
f 1617/1 187/1 1427/1 
f 1427/1 187/1 952/1 
f 802/1 1428/1 453/1 
f 453/1 1428/1 1038/1 
f 1429/1 482/1 1154/1 
f 482/1 1676/1 1810/1 
f 395/1 1068/1 1430/1 
f 1430/1 1068/1 1058/1 
f 215/1 1432/1 1431/1 
f 840/1 215/1 1431/1 
f 215/1 9/1 1432/1 
f 828/1 1432/1 9/1 
f 1433/1 138/1 718/1 
f 1433/1 1561/1 138/1 
f 1434/1 515/1 454/1 
f 1672/1 1434/1 1435/1 
f 1434/1 454/1 1435/1 
f 1435/1 454/1 338/1 
f 366/1 1436/1 981/1 
f 366/1 1242/1 1436/1 
f 441/1 1437/1 722/1 
f 1/1 1497/1 441/1 
f 247/1 1221/1 1438/1 
f 836/1 247/1 1438/1 
f 1439/1 873/1 176/1 
f 1159/1 873/1 1439/1 
f 663/1 1440/1 1095/1 
f 663/1 996/1 1440/1 
f 1145/1 1441/1 509/1 
f 1441/1 1145/1 815/1 
f 1442/1 534/1 793/1 
f 1442/1 793/1 1443/1 
f 1443/1 793/1 79/1 
f 1443/1 79/1 70/1 
f 1444/1 679/1 200/1 
f 1310/1 1444/1 200/1 
f 1790/1 854/1 1445/1 
f 1445/1 854/1 61/1 
f 1719/1 1446/1 166/1 
f 1446/1 709/1 1447/1 
f 1446/1 1447/1 254/1 
f 466/1 254/1 1447/1 
f 661/1 1448/1 1235/1 
f 914/1 1448/1 661/1 
f 1342/1 186/1 1449/1 
f 1449/1 186/1 1505/1 
f 712/1 1257/1 1450/1 
f 712/1 1450/1 1119/1 
f 889/1 1451/1 180/1 
f 889/1 521/1 1451/1 
f 617/1 1452/1 190/1 
f 1637/1 1452/1 617/1 
f 1453/1 700/1 112/1 
f 1247/1 700/1 1453/1 
f 1454/1 771/1 530/1 
f 741/1 1454/1 530/1 
f 493/1 1455/1 1164/1 
f 493/1 1013/1 1455/1 
f 135/1 1456/1 1434/1 
f 135/1 1277/1 1456/1 
f 23/1 1741/1 1457/1 
f 799/1 23/1 1457/1 
f 1033/1 1458/1 1091/1 
f 1033/1 1119/1 1458/1 
f 1670/1 1098/1 1459/1 
f 1079/1 506/1 1459/1 
f 243/1 590/1 1460/1 
f 1180/1 1460/1 590/1 
f 683/1 1461/1 1567/1 
f 40/1 189/1 1568/1 
f 1462/1 282/1 874/1 
f 1462/1 874/1 12/1 
f 1696/1 1463/1 69/1 
f 269/1 69/1 1463/1 
f 269/1 1464/1 610/1 
f 269/1 1463/1 1464/1 
f 802/1 1465/1 552/1 
f 1465/1 758/1 552/1 
f 1227/1 1466/1 332/1 
f 332/1 1534/1 432/1 
f 897/1 1467/1 127/1 
f 127/1 1467/1 1135/1 
f 8/1 1147/1 1468/1 
f 1339/1 1468/1 1147/1 
f 1469/1 193/1 529/1 
f 702/1 193/1 1469/1 
f 755/1 339/1 1470/1 
f 339/1 543/1 1470/1 
f 648/1 1471/1 755/1 
f 1471/1 339/1 755/1 
f 924/1 1472/1 1078/1 
f 1472/1 301/1 1078/1 
f 26/1 132/1 1473/1 
f 1545/1 1473/1 132/1 
f 649/1 763/1 1474/1 
f 763/1 623/1 1474/1 
f 601/1 1475/1 1027/1 
f 415/1 1476/1 601/1 
f 1476/1 966/1 1475/1 
f 1476/1 1475/1 601/1 
f 1617/1 376/1 187/1 
f 1652/1 376/1 1617/1 
f 647/1 1478/1 261/1 
f 261/1 1478/1 1394/1 
f 333/1 1479/1 1166/1 
f 1479/1 1318/1 1166/1 
f 65/1 1001/1 1480/1 
f 372/1 1480/1 1001/1 
f 1481/1 310/1 1074/1 
f 1481/1 18/1 310/1 
f 884/1 447/1 1482/1 
f 762/1 884/1 1482/1 
f 323/1 1483/1 1175/1 
f 130/1 1175/1 1483/1 
f 436/1 1484/1 1165/1 
f 1484/1 54/1 1165/1 
f 1178/1 1343/1 1485/1 
f 1343/1 1646/1 1485/1 
f 1486/1 206/1 1738/1 
f 1185/1 206/1 1486/1 
f 584/1 234/1 1487/1 
f 1487/1 1096/1 584/1 
f 447/1 1488/1 951/1 
f 265/1 951/1 1488/1 
f 1489/1 857/1 586/1 
f 1305/1 1489/1 586/1 
f 1490/1 358/1 1012/1 
f 536/1 1490/1 1012/1 
f 513/1 1491/1 358/1 
f 1012/1 358/1 1491/1 
f 244/1 1492/1 1726/1 
f 599/1 1492/1 244/1 
f 252/1 1493/1 735/1 
f 735/1 1493/1 1556/1 
f 1240/1 614/1 1494/1 
f 1240/1 1494/1 99/1 
f 1642/1 1495/1 528/1 
f 1495/1 29/1 528/1 
f 609/1 608/1 1496/1 
f 608/1 876/1 1496/1 
f 441/1 1497/1 1437/1 
f 1437/1 1497/1 1197/1 
f 1498/1 439/1 619/1 
f 1498/1 319/1 439/1 
f 969/1 1499/1 1313/1 
f 1499/1 386/1 1313/1 
f 1500/1 1641/1 865/1 
f 865/1 1024/1 1500/1 
f 317/1 876/1 1501/1 
f 1559/1 317/1 1501/1 
f 1318/1 1502/1 356/1 
f 1800/1 356/1 1502/1 
f 191/1 1503/1 699/1 
f 1425/1 699/1 1503/1 
f 705/1 1504/1 1726/1 
f 1751/1 1504/1 705/1 
f 136/1 533/1 1505/1 
f 723/1 1505/1 533/1 
f 448/1 987/1 1506/1 
f 1378/1 448/1 1506/1 
f 1507/1 350/1 94/1 
f 1572/1 698/1 1508/1 
f 1507/1 1508/1 1370/1 
f 1507/1 94/1 1508/1 
f 1645/1 1509/1 456/1 
f 1509/1 61/1 456/1 
f 1510/1 1251/1 20/1 
f 430/1 1510/1 1809/1 
f 596/1 991/1 1511/1 
f 1303/1 596/1 1511/1 
f 1512/1 605/1 1029/1 
f 1512/1 1025/1 605/1 
f 214/1 1225/1 1513/1 
f 214/1 1513/1 765/1 
f 1578/1 812/1 1514/1 
f 1514/1 812/1 1515/1 
f 1514/1 1515/1 299/1 
f 299/1 1515/1 1367/1 
f 934/1 1516/1 817/1 
f 1516/1 934/1 1136/1 
f 934/1 817/1 1517/1 
f 1517/1 817/1 1393/1 
f 1387/1 1518/1 373/1 
f 1756/1 373/1 1518/1 
f 1260/1 1519/1 562/1 
f 562/1 1519/1 752/1 
f 1520/1 1718/1 1405/1 
f 751/1 1520/1 312/1 
f 1271/1 1521/1 944/1 
f 1658/1 944/1 1521/1 
f 279/1 1522/1 747/1 
f 1522/1 1005/1 747/1 
f 237/1 1523/1 1760/1 
f 237/1 796/1 1523/1 
f 1520/1 313/1 1524/1 
f 313/1 1353/1 1524/1 
f 953/1 1525/1 399/1 
f 1525/1 676/1 399/1 
f 1117/1 1212/1 1526/1 
f 1526/1 1212/1 13/1 
f 400/1 1527/1 788/1 
f 1220/1 1527/1 400/1 
f 480/1 1015/1 1528/1 
f 1528/1 1015/1 52/1 
f 1529/1 1026/1 545/1 
f 1529/1 545/1 1528/1 
f 724/1 831/1 1530/1 
f 1530/1 831/1 1806/1 
f 1032/1 1531/1 58/1 
f 1531/1 1032/1 727/1 
f 1532/1 315/1 1412/1 
f 1532/1 739/1 315/1 
f 615/1 1533/1 885/1 
f 1533/1 615/1 1534/1 
f 1466/1 1534/1 332/1 
f 1466/1 1533/1 1534/1 
f 247/1 516/1 1535/1 
f 773/1 1535/1 516/1 
f 124/1 1272/1 1536/1 
f 1536/1 1272/1 352/1 
f 1245/1 1537/1 7/1 
f 1245/1 868/1 1537/1 
f 971/1 1538/1 165/1 
f 971/1 480/1 1538/1 
f 354/1 1440/1 1539/1 
f 354/1 1539/1 1062/1 
f 567/1 27/1 1540/1 
f 567/1 1540/1 1214/1 
f 1650/1 1174/1 1541/1 
f 1541/1 1174/1 1175/1 
f 1422/1 1542/1 84/1 
f 1422/1 644/1 1542/1 
f 1369/1 1543/1 46/1 
f 596/1 46/1 1543/1 
f 239/1 513/1 1544/1 
f 513/1 358/1 1544/1 
f 1545/1 362/1 731/1 
f 1662/1 60/1 362/1 
f 1546/1 926/1 535/1 
f 1450/1 926/1 1546/1 
f 400/1 788/1 1547/1 
f 1547/1 788/1 503/1 
f 367/1 798/1 1548/1 
f 394/1 1548/1 798/1 
f 344/1 1549/1 1240/1 
f 1011/1 1549/1 344/1 
f 1550/1 316/1 574/1 
f 53/1 316/1 1550/1 
f 1436/1 347/1 1551/1 
f 347/1 782/1 1551/1 
f 1552/1 797/1 496/1 
f 256/1 797/1 1552/1 
f 1553/1 245/1 1641/1 
f 1759/1 245/1 1553/1 
f 1554/1 1373/1 581/1 
f 1554/1 581/1 245/1 
f 1109/1 775/1 1555/1 
f 1555/1 775/1 173/1 
f 839/1 1556/1 383/1 
f 1556/1 1660/1 383/1 
f 961/1 37/1 1557/1 
f 1557/1 37/1 365/1 
f 559/1 6/1 1558/1 
f 727/1 1559/1 6/1 
f 6/1 1559/1 1558/1 
f 1559/1 1501/1 1558/1 
f 182/1 1560/1 472/1 
f 1560/1 776/1 472/1 
f 138/1 1561/1 939/1 
f 1561/1 676/1 939/1 
f 633/1 157/1 1562/1 
f 1562/1 157/1 414/1 
f 1563/1 1564/1 194/1 
f 545/1 1563/1 194/1 
f 902/1 28/1 1564/1 
f 902/1 1564/1 1563/1 
f 1002/1 1565/1 414/1 
f 1562/1 414/1 1565/1 
f 1140/1 703/1 1566/1 
f 281/1 1566/1 703/1 
f 1461/1 189/1 1567/1 
f 1567/1 189/1 627/1 
f 1568/1 1461/1 1569/1 
f 189/1 1461/1 1568/1 
f 1568/1 1569/1 769/1 
f 1569/1 303/1 769/1 
f 67/1 1570/1 145/1 
f 145/1 1570/1 942/1 
f 642/1 288/1 1571/1 
f 1571/1 288/1 954/1 
f 94/1 389/1 1572/1 
f 94/1 1572/1 1508/1 
f 808/1 809/1 1573/1 
f 808/1 1573/1 1137/1 
f 1137/1 1574/1 476/1 
f 1573/1 1574/1 1137/1 
f 179/1 1143/1 1575/1 
f 1061/1 1575/1 1143/1 
f 1576/1 694/1 971/1 
f 436/1 694/1 1577/1 
f 1577/1 694/1 1576/1 
f 1577/1 1576/1 1664/1 
f 1623/1 1372/1 1578/1 
f 1578/1 1372/1 812/1 
f 479/1 58/1 1579/1 
f 1579/1 58/1 322/1 
f 691/1 1580/1 572/1 
f 572/1 1580/1 1581/1 
f 1740/1 1581/1 241/1 
f 572/1 1581/1 992/1 
f 711/1 1582/1 1169/1 
f 582/1 1694/1 711/1 
f 1583/1 519/1 761/1 
f 316/1 1771/1 1657/1 
f 1584/1 967/1 736/1 
f 736/1 1492/1 1584/1 
f 1585/1 311/1 1264/1 
f 1789/1 311/1 1585/1 
f 1586/1 1144/1 943/1 
f 730/1 1586/1 943/1 
f 541/1 1587/1 425/1 
f 425/1 1587/1 112/1 
f 33/1 1588/1 1360/1 
f 33/1 1089/1 1588/1 
f 1589/1 846/1 501/1 
f 1803/1 1589/1 501/1 
f 626/1 1590/1 377/1 
f 377/1 1590/1 1589/1 
f 1591/1 1689/1 184/1 
f 938/1 1591/1 184/1 
f 660/1 1592/1 806/1 
f 1592/1 660/1 230/1 
f 1101/1 1593/1 697/1 
f 697/1 1593/1 156/1 
f 1320/1 546/1 1594/1 
f 1320/1 1594/1 118/1 
f 1038/1 1595/1 257/1 
f 1038/1 1594/1 1595/1 
f 840/1 1431/1 1596/1 
f 1807/1 840/1 1596/1 
f 1597/1 466/1 1605/1 
f 1597/1 1765/1 466/1 
f 1092/1 1598/1 182/1 
f 486/1 1598/1 1092/1 
f 925/1 436/1 1599/1 
f 910/1 925/1 1599/1 
f 341/1 80/1 1600/1 
f 341/1 1600/1 648/1 
f 1601/1 1448/1 914/1 
f 1398/1 1601/1 914/1 
f 621/1 1602/1 958/1 
f 958/1 1602/1 570/1 
f 770/1 1603/1 323/1 
f 323/1 1603/1 1807/1 
f 770/1 1604/1 1603/1 
f 531/1 1604/1 770/1 
f 795/1 1605/1 1447/1 
f 795/1 1391/1 1605/1 
f 710/1 995/1 1606/1 
f 710/1 1606/1 1061/1 
f 1307/1 1607/1 681/1 
f 681/1 1607/1 1277/1 
f 222/1 1608/1 549/1 
f 476/1 1608/1 222/1 
f 1609/1 129/1 1263/1 
f 1609/1 614/1 129/1 
f 1552/1 685/1 1610/1 
f 1610/1 685/1 1159/1 
f 1611/1 1289/1 1290/1 
f 415/1 1611/1 1290/1 
f 1700/1 890/1 1612/1 
f 1612/1 890/1 43/1 
f 609/1 1613/1 520/1 
f 1700/1 1613/1 890/1 
f 1110/1 133/1 1614/1 
f 1341/1 1110/1 1614/1 
f 1615/1 287/1 1134/1 
f 1615/1 77/1 287/1 
f 607/1 1616/1 602/1 
f 602/1 1616/1 800/1 
f 1617/1 1427/1 1477/1 
f 1652/1 1617/1 1477/1 
f 1618/1 618/1 490/1 
f 1060/1 1618/1 490/1 
f 1619/1 209/1 636/1 
f 547/1 209/1 1619/1 
f 1620/1 716/1 1179/1 
f 307/1 716/1 1620/1 
f 1172/1 790/1 1621/1 
f 790/1 1157/1 1621/1 
f 1280/1 553/1 1622/1 
f 1280/1 1622/1 170/1 
f 1239/1 378/1 1623/1 
f 1623/1 378/1 1372/1 
f 870/1 470/1 1624/1 
f 1626/1 343/1 1624/1 
f 144/1 1623/1 1625/1 
f 527/1 144/1 1625/1 
f 1748/1 1626/1 470/1 
f 1626/1 1624/1 470/1 
f 1314/1 891/1 1627/1 
f 665/1 1627/1 891/1 
f 1445/1 1628/1 668/1 
f 668/1 1628/1 1442/1 
f 1629/1 308/1 882/1 
f 1629/1 1620/1 308/1 
f 213/1 1237/1 1630/1 
f 213/1 1630/1 72/1 
f 726/1 1295/1 1631/1 
f 1295/1 1296/1 1631/1 
f 1380/1 1632/1 631/1 
f 1380/1 1414/1 1632/1 
f 1714/1 1715/1 1633/1 
f 1715/1 1381/1 1633/1 
f 396/1 1156/1 1634/1 
f 1333/1 396/1 1634/1 
f 740/1 1635/1 841/1 
f 1635/1 916/1 841/1 
f 1636/1 916/1 1635/1 
f 916/1 1636/1 1354/1 
f 1398/1 1638/1 1637/1 
f 1398/1 1637/1 242/1 
f 1398/1 914/1 1638/1 
f 1638/1 914/1 661/1 
f 966/1 391/1 1639/1 
f 229/1 1639/1 391/1 
f 989/1 1640/1 105/1 
f 1194/1 105/1 1640/1 
f 108/1 124/1 1641/1 
f 1500/1 108/1 1641/1 
f 1642/1 528/1 273/1 
f 898/1 1642/1 273/1 
f 274/1 1643/1 569/1 
f 1283/1 1643/1 274/1 
f 915/1 1047/1 1644/1 
f 345/1 1644/1 1047/1 
f 1416/1 881/1 1645/1 
f 1645/1 881/1 1509/1 
f 1343/1 638/1 1646/1 
f 638/1 366/1 1646/1 
f 119/1 1074/1 1647/1 
f 932/1 119/1 1647/1 
f 1648/1 657/1 991/1 
f 1648/1 1543/1 657/1 
f 31/1 1649/1 798/1 
f 593/1 1711/1 31/1 
f 1557/1 365/1 1650/1 
f 1650/1 365/1 1174/1 
f 1254/1 1651/1 233/1 
f 350/1 233/1 1651/1 
f 1652/1 1477/1 86/1 
f 832/1 1652/1 86/1 
f 1455/1 1653/1 305/1 
f 1653/1 941/1 305/1 
f 1654/1 1209/1 1210/1 
f 1293/1 1209/1 1654/1 
f 1205/1 88/1 1655/1 
f 1205/1 1655/1 569/1 
f 1656/1 1349/1 368/1 
f 893/1 1656/1 1777/1 
f 1771/1 1583/1 1657/1 
f 1583/1 91/1 1657/1 
f 1658/1 1521/1 91/1 
f 1583/1 1658/1 91/1 
f 555/1 1659/1 807/1 
f 1659/1 625/1 807/1 
f 1030/1 1660/1 495/1 
f 1030/1 383/1 1660/1 
f 779/1 1661/1 431/1 
f 505/1 1661/1 779/1 
f 95/1 1662/1 1545/1 
f 1545/1 1662/1 362/1 
f 1663/1 985/1 1499/1 
f 514/1 985/1 1663/1 
f 260/1 1664/1 850/1 
f 1599/1 1664/1 260/1 
f 1665/1 460/1 895/1 
f 1665/1 895/1 651/1 
f 1666/1 34/1 59/1 
f 1266/1 34/1 1723/1 
f 1470/1 704/1 1667/1 
f 1667/1 704/1 1292/1 
f 169/1 1668/1 612/1 
f 75/1 612/1 1668/1 
f 1322/1 340/1 1669/1 
f 1669/1 340/1 1100/1 
f 1670/1 506/1 794/1 
f 1670/1 1459/1 506/1 
f 1671/1 1297/1 824/1 
f 1699/1 1671/1 824/1 
f 1672/1 1435/1 729/1 
f 1672/1 729/1 225/1 
f 1023/1 829/1 1673/1 
f 1023/1 1673/1 352/1 
f 438/1 1674/1 1592/1 
f 438/1 106/1 1674/1 
f 910/1 260/1 1675/1 
f 1674/1 910/1 1675/1 
f 1429/1 1057/1 1676/1 
f 1429/1 1676/1 482/1 
f 521/1 1088/1 1677/1 
f 1677/1 1088/1 278/1 
f 1678/1 509/1 1397/1 
f 1678/1 1397/1 212/1 
f 1679/1 760/1 170/1 
f 1426/1 760/1 1679/1 
f 113/1 1680/1 742/1 
f 1048/1 742/1 1680/1 
f 113/1 742/1 1681/1 
f 1681/1 742/1 1103/1 
f 650/1 1388/1 1682/1 
f 650/1 1682/1 478/1 
f 197/1 1683/1 988/1 
f 319/1 988/1 1683/1 
f 861/1 1684/1 740/1 
f 1684/1 1443/1 740/1 
f 1686/1 802/1 1685/1 
f 156/1 335/1 1685/1 
f 335/1 1686/1 1685/1 
f 335/1 1345/1 1686/1 
f 18/1 1687/1 778/1 
f 778/1 1687/1 430/1 
f 402/1 804/1 1688/1 
f 1238/1 402/1 1688/1 
f 1689/1 1046/1 351/1 
f 1689/1 1644/1 1046/1 
f 1694/1 583/1 1690/1 
f 583/1 1125/1 1690/1 
f 1196/1 1692/1 1691/1 
f 1196/1 1691/1 424/1 
f 1692/1 1072/1 539/1 
f 1691/1 1692/1 539/1 
f 280/1 909/1 1693/1 
f 1693/1 909/1 510/1 
f 1582/1 1694/1 1690/1 
f 711/1 1694/1 1582/1 
f 917/1 1695/1 1146/1 
f 1676/1 1695/1 917/1 
f 1697/1 1696/1 875/1 
f 875/1 1696/1 69/1 
f 1697/1 572/1 393/1 
f 1697/1 393/1 1696/1 
f 1698/1 549/1 97/1 
f 1698/1 686/1 549/1 
f 223/1 1671/1 1699/1 
f 223/1 1699/1 542/1 
f 520/1 1613/1 1700/1 
f 378/1 520/1 1700/1 
f 1122/1 1254/1 1701/1 
f 250/1 1122/1 1701/1 
f 609/1 1496/1 1702/1 
f 609/1 1702/1 1613/1 
f 1149/1 431/1 1703/1 
f 635/1 1149/1 1703/1 
f 324/1 1704/1 1538/1 
f 324/1 194/1 1704/1 
f 38/1 1705/1 401/1 
f 1705/1 667/1 401/1 
f 953/1 399/1 1706/1 
f 489/1 953/1 1706/1 
f 1707/1 1146/1 767/1 
f 1707/1 767/1 1250/1 
f 1708/1 179/1 1794/1 
f 1708/1 1143/1 179/1 
f 1709/1 1142/1 1460/1 
f 1709/1 24/1 1142/1 
f 326/1 1710/1 1388/1 
f 1232/1 1710/1 326/1 
f 1711/1 1649/1 31/1 
f 660/1 1649/1 1711/1 
f 893/1 1222/1 1712/1 
f 1712/1 1222/1 114/1 
f 319/1 1683/1 1713/1 
f 439/1 319/1 1713/1 
f 980/1 1714/1 1633/1 
f 980/1 1317/1 1714/1 
f 883/1 141/1 1715/1 
f 1714/1 883/1 1715/1 
f 741/1 530/1 1716/1 
f 741/1 1716/1 428/1 
f 1717/1 670/1 858/1 
f 1717/1 858/1 556/1 
f 751/1 1718/1 1520/1 
f 751/1 1347/1 1718/1 
f 708/1 709/1 1719/1 
f 709/1 1446/1 1719/1 
f 339/1 1720/1 543/1 
f 1720/1 1724/1 543/1 
f 1600/1 880/1 1721/1 
f 1721/1 880/1 1720/1 
f 1167/1 674/1 1722/1 
f 674/1 1164/1 1722/1 
f 1181/1 1723/1 1666/1 
f 1666/1 1723/1 34/1 
f 418/1 1724/1 1065/1 
f 1720/1 1065/1 1724/1 
f 1725/1 1116/1 1115/1 
f 1725/1 1115/1 204/1 
f 1726/1 1492/1 1384/1 
f 1384/1 198/1 1726/1 
f 1767/1 152/1 1727/1 
f 437/1 1727/1 152/1 
f 29/1 980/1 1728/1 
f 1544/1 29/1 1728/1 
f 787/1 1097/1 1729/1 
f 1128/1 787/1 1729/1 
f 1730/1 1695/1 262/1 
f 851/1 1730/1 262/1 
f 150/1 64/1 1731/1 
f 64/1 1036/1 1731/1 
f 1732/1 885/1 282/1 
f 615/1 885/1 1732/1 
f 1751/1 42/1 1733/1 
f 1181/1 1733/1 42/1 
f 1734/1 1366/1 433/1 
f 1734/1 433/1 1028/1 
f 1735/1 182/1 1285/1 
f 1735/1 1285/1 548/1 
f 1736/1 485/1 1230/1 
f 1736/1 1230/1 297/1 
f 1737/1 837/1 1386/1 
f 1737/1 122/1 837/1 
f 546/1 1486/1 1738/1 
f 546/1 1738/1 1643/1 
f 349/1 1739/1 853/1 
f 1616/1 853/1 1739/1 
f 992/1 1581/1 1740/1 
f 886/1 992/1 1740/1 
f 843/1 1741/1 23/1 
f 843/1 8/1 1741/1 
f 770/1 1742/1 1256/1 
f 1256/1 1742/1 1743/1 
f 1256/1 1743/1 613/1 
f 613/1 1743/1 418/1 
f 575/1 1260/1 1744/1 
f 538/1 575/1 1744/1 
f 1310/1 1745/1 1444/1 
f 1310/1 293/1 1745/1 
f 1142/1 24/1 1746/1 
f 1474/1 1746/1 24/1 
f 561/1 1747/1 1379/1 
f 561/1 400/1 1747/1 
f 554/1 1748/1 217/1 
f 481/1 217/1 1748/1 
f 497/1 1749/1 467/1 
f 497/1 1062/1 1749/1 
f 811/1 1750/1 1749/1 
f 811/1 1712/1 1750/1 
f 1751/1 461/1 42/1 
f 1751/1 1102/1 461/1 
f 1752/1 1102/1 1410/1 
f 1102/1 1752/1 461/1 
f 219/1 706/1 1753/1 
f 1391/1 219/1 1753/1 
f 1717/1 1754/1 670/1 
f 1754/1 1698/1 670/1 
f 803/1 1060/1 1755/1 
f 1060/1 490/1 1755/1 
f 856/1 373/1 1756/1 
f 374/1 856/1 1756/1 
f 1008/1 1775/1 1757/1 
f 1604/1 1008/1 1757/1 
f 4/1 1758/1 1264/1 
f 1264/1 1758/1 107/1 
f 1554/1 1759/1 518/1 
f 1554/1 245/1 1759/1 
f 237/1 1760/1 98/1 
f 98/1 1760/1 1242/1 
f 304/1 1383/1 1761/1 
f 1383/1 784/1 1761/1 
f 713/1 404/1 1762/1 
f 318/1 1762/1 404/1 
f 1763/1 835/1 713/1 
f 1763/1 713/1 1762/1 
f 1588/1 1089/1 1764/1 
f 349/1 1764/1 1089/1 
f 1765/1 1004/1 1357/1 
f 1597/1 1004/1 1765/1 
f 160/1 1158/1 1766/1 
f 1767/1 1727/1 160/1 
f 864/1 1767/1 1766/1 
f 1767/1 160/1 1766/1 
f 1768/1 410/1 185/1 
f 912/1 1768/1 185/1 
f 1769/1 693/1 677/1 
f 1769/1 677/1 724/1 
f 374/1 1756/1 1770/1 
f 1770/1 1756/1 977/1 
f 232/1 519/1 1771/1 
f 1771/1 519/1 1583/1 
f 161/1 1772/1 1221/1 
f 161/1 1058/1 1772/1 
f 1773/1 1017/1 248/1 
f 1773/1 722/1 1017/1 
f 36/1 1774/1 810/1 
f 170/1 1774/1 36/1 
f 1008/1 76/1 1775/1 
f 1775/1 76/1 597/1 
f 1776/1 669/1 965/1 
f 1636/1 1776/1 965/1 
f 1656/1 368/1 1777/1 
f 1777/1 368/1 429/1 
f 1778/1 1265/1 920/1 
f 571/1 1778/1 920/1 
f 1337/1 302/1 1779/1 
f 1779/1 302/1 703/1 
f 499/1 1780/1 1155/1 
f 860/1 1780/1 499/1 
f 671/1 153/1 1781/1 
f 153/1 1587/1 1781/1 
f 1506/1 1782/1 1034/1 
f 1782/1 70/1 1034/1 
f 938/1 351/1 1783/1 
f 334/1 938/1 1783/1 
f 518/1 955/1 1784/1 
f 1784/1 1554/1 518/1 
f 256/1 921/1 1785/1 
f 1130/1 1785/1 921/1 
f 220/1 950/1 1786/1 
f 799/1 1786/1 950/1 
f 25/1 1787/1 488/1 
f 488/1 1787/1 1521/1 
f 933/1 60/1 1788/1 
f 1789/1 933/1 1788/1 
f 1789/1 621/1 311/1 
f 1789/1 1788/1 621/1 
f 1227/1 291/1 1790/1 
f 1790/1 291/1 854/1 
f 1542/1 1791/1 321/1 
f 321/1 1791/1 162/1 
f 552/1 271/1 1792/1 
f 1793/1 1792/1 271/1 
f 1793/1 927/1 1055/1 
f 1793/1 1055/1 1792/1 
f 1031/1 1795/1 1794/1 
f 411/1 1708/1 1794/1 
f 639/1 411/1 1795/1 
f 1795/1 411/1 1794/1 
f 1571/1 954/1 1796/1 
f 1796/1 954/1 523/1 
f 1275/1 1797/1 172/1 
f 172/1 1797/1 663/1 
f 38/1 401/1 1798/1 
f 38/1 1798/1 896/1 
f 187/1 631/1 1799/1 
f 1799/1 631/1 1288/1 
f 1800/1 1502/1 962/1 
f 1800/1 962/1 1302/1 
f 1801/1 596/1 1303/1 
f 833/1 1801/1 1303/1 
f 196/1 1802/1 618/1 
f 490/1 618/1 1802/1 
f 1249/1 848/1 1803/1 
f 1803/1 848/1 1589/1 
f 764/1 1804/1 174/1 
f 174/1 1804/1 803/1 
f 1208/1 1805/1 123/1 
f 123/1 1805/1 1776/1 
f 582/1 1806/1 1216/1 
f 229/1 1806/1 582/1 
f 1603/1 413/1 1807/1 
f 413/1 840/1 1807/1 
f 1363/1 1808/1 568/1 
f 568/1 1808/1 1214/1 
f 1809/1 20/1 976/1 
f 1510/1 20/1 1809/1 
f 5/1 1810/1 656/1 
f 1810/1 5/1 1110/1 
# 0 polygons - 3616 triangles

